YEAR,DISTRICT,TRAFFIC_AREAS,STREET_NO,TIME_SHARING,AREA,S_ROADSIDE_HELP,S_ROADSIDE_POLICE,S_OUTSIDE_HELP,S_OUTSIDE_POLICE,D_ROADSIDE_HELP,D_ROADSIDE_POLICE,D_OUTSIDE_HELP,D_OUTSIDE_POLICE
111,21,001,001,09,21001001,0,0,0,0,0,0,0,0,0
111,21,001,001,10,21001001,0,0,0,0,0,0,0,0,0
111,21,001,001,11,21001001,0,0,0,0,0,0,0,0,0
111,21,001,001,12,21001001,0,0,0,0,0,0,0,0,0
111,21,001,001,13,21001001,0,0,0,0,0,0,0,0,0
111,21,001,001,17,21001001,0,0,0,0,0,0,0,0,0
111,21,001,001,18,21001001,0,0,0,0,0,0,0,0,0
111,21,001,001,19,21001001,0,0,0,0,0,0,0,0,0
111,21,001,001,20,21001001,0,0,0,0,0,0,0,0,0
111,21,001,001,21,21001001,0,0,0,0,0,0,0,0,0
111,21,001,002,09,21001002,0,0,0,0,0,0,0,0,0
111,21,001,002,10,21001002,0,0,0,0,0,0,0,0,0
111,21,001,002,11,21001002,0,0,0,0,0,0,0,0,0
111,21,001,002,12,21001002,0,0,0,0,0,0,0,0,0
111,21,001,002,13,21001002,0,0,0,0,0,0,0,0,0
111,21,001,002,17,21001002,0,0,0,0,0,0,0,0,0
111,21,001,002,18,21001002,0,0,0,0,0,0,0,0,0
111,21,001,002,19,21001002,0,0,0,0,0,0,0,0,0
111,21,001,002,20,21001002,0,0,0,0,0,0,0,0,0
111,21,001,002,21,21001002,0,0,0,0,0,0,0,0,0
111,21,001,003,09,21001003,0,0,0,0,0,0,0,0,0
111,21,001,003,10,21001003,0,0,0,0,0,0,0,0,0
111,21,001,003,11,21001003,0,0,0,0,0,0,0,0,0
111,21,001,003,12,21001003,0,0,0,0,0,0,0,0,0
111,21,001,003,13,21001003,0,0,0,0,0,0,0,0,0
111,21,001,003,17,21001003,0,0,0,0,0,0,0,0,0
111,21,001,003,18,21001003,0,0,0,0,0,0,0,0,0
111,21,001,003,19,21001003,0,0,0,0,0,0,0,0,0
111,21,001,003,20,21001003,0,0,0,0,0,0,0,0,0
111,21,001,003,21,21001003,0,0,0,0,0,0,0,0,0
111,21,001,004,09,21001004,0,0,0,0,0,0,0,0,0
111,21,001,004,10,21001004,0,0,0,0,0,0,0,0,0
111,21,001,004,11,21001004,0,0,0,0,0,0,0,0,0
111,21,001,004,12,21001004,0,0,0,0,0,0,0,0,0
111,21,001,004,13,21001004,0,0,0,0,0,0,0,0,0
111,21,001,004,17,21001004,0,0,0,0,0,0,0,0,0
111,21,001,004,18,21001004,0,0,0,0,0,0,0,0,0
111,21,001,004,19,21001004,0,0,0,0,0,0,0,0,0
111,21,001,004,20,21001004,0,0,0,0,0,0,0,0,0
111,21,001,004,21,21001004,0,0,0,0,0,0,0,0,0
111,21,001,005,09,21001005,0,0,0,0,0,0,0,0,0
111,21,001,005,10,21001005,0,0,0,0,0,0,0,0,0
111,21,001,005,11,21001005,0,0,0,0,0,0,0,0,0
111,21,001,005,12,21001005,0,0,0,0,0,0,0,0,0
111,21,001,005,13,21001005,0,0,0,0,0,0,0,0,0
111,21,001,005,17,21001005,0,0,0,0,0,0,0,0,0
111,21,001,005,18,21001005,0,0,0,0,0,0,0,0,0
111,21,001,005,19,21001005,0,0,0,0,0,0,0,0,0
111,21,001,005,20,21001005,0,0,0,0,0,0,0,0,0
111,21,001,005,21,21001005,0,0,0,0,0,0,0,0,0
111,21,001,006,09,21001006,0,0,0,0,0,0,0,0,0
111,21,001,006,10,21001006,0,0,0,0,0,0,0,0,0
111,21,001,006,11,21001006,0,0,0,0,0,0,0,0,0
111,21,001,006,12,21001006,0,0,0,0,0,0,0,0,0
111,21,001,006,13,21001006,0,0,0,0,0,0,0,0,0
111,21,001,006,17,21001006,0,0,0,0,0,0,0,0,0
111,21,001,006,18,21001006,0,0,0,0,0,0,0,0,0
111,21,001,006,19,21001006,0,0,0,0,0,0,0,0,0
111,21,001,006,20,21001006,0,0,0,0,0,0,0,0,0
111,21,001,006,21,21001006,0,0,0,0,0,0,0,0,0
111,21,001,007,09,21001007,0,0,0,0,0,0,0,0,0
111,21,001,007,10,21001007,0,0,0,0,0,0,0,0,0
111,21,001,007,11,21001007,0,0,0,0,0,0,0,0,0
111,21,001,007,12,21001007,0,0,0,0,0,0,0,0,0
111,21,001,007,13,21001007,0,0,0,0,0,0,0,0,0
111,21,001,007,17,21001007,0,0,0,0,0,0,0,0,0
111,21,001,007,18,21001007,0,0,0,0,0,0,0,0,0
111,21,001,007,19,21001007,0,0,0,0,0,0,0,0,0
111,21,001,007,20,21001007,0,0,0,0,0,0,0,0,0
111,21,001,007,21,21001007,0,0,0,0,0,0,0,0,0
111,21,001,008,09,21001008,0,0,0,0,0,0,0,0,0
111,21,001,008,10,21001008,0,0,0,0,0,0,0,0,0
111,21,001,008,11,21001008,0,0,0,0,0,0,0,0,0
111,21,001,008,12,21001008,0,0,0,0,0,0,0,0,0
111,21,001,008,13,21001008,0,0,0,0,0,0,0,0,0
111,21,001,008,17,21001008,0,0,0,0,0,0,0,0,0
111,21,001,008,18,21001008,0,0,0,0,0,0,0,0,0
111,21,001,008,19,21001008,0,0,0,0,0,0,0,0,0
111,21,001,008,20,21001008,0,0,0,0,0,0,0,0,0
111,21,001,008,21,21001008,0,0,0,0,0,0,0,0,0
111,21,001,009,09,21001009,0,0,0,0,0,0,0,0,0
111,21,001,009,10,21001009,0,0,0,0,0,0,0,0,0
111,21,001,009,11,21001009,0,0,0,0,0,0,0,0,0
111,21,001,009,12,21001009,0,0,0,0,0,0,0,0,0
111,21,001,009,13,21001009,0,0,0,0,0,0,0,0,0
111,21,001,009,17,21001009,0,0,0,0,0,0,0,0,0
111,21,001,009,18,21001009,0,0,0,0,0,0,0,0,0
111,21,001,009,19,21001009,0,0,0,0,0,0,0,0,0
111,21,001,009,20,21001009,0,0,0,0,0,0,0,0,0
111,21,001,009,21,21001009,0,0,0,0,0,0,0,0,0
111,21,001,010,09,21001010,0,0,0,0,1,0,0,0,0
111,21,001,010,10,21001010,0,0,0,0,1,0,0,0,0
111,21,001,010,11,21001010,0,0,0,0,1,0,0,0,0
111,21,001,010,12,21001010,0,0,0,0,1,0,0,0,0
111,21,001,010,13,21001010,0,0,0,0,1,0,0,0,0
111,21,001,010,17,21001010,0,0,0,0,1,0,0,0,0
111,21,001,010,18,21001010,0,0,0,0,1,0,0,0,0
111,21,001,010,19,21001010,0,0,0,0,1,0,0,0,0
111,21,001,010,20,21001010,0,0,0,0,1,0,0,0,0
111,21,001,010,21,21001010,0,0,0,0,1,0,0,0,0
111,21,001,011,09,21001011,0,0,0,0,0,0,0,0,0
111,21,001,011,10,21001011,0,0,0,0,0,0,0,0,0
111,21,001,011,11,21001011,0,0,0,0,0,0,0,0,0
111,21,001,011,12,21001011,0,0,0,0,0,0,0,0,0
111,21,001,011,13,21001011,0,0,0,0,0,0,0,0,0
111,21,001,011,17,21001011,0,0,0,0,0,0,0,0,0
111,21,001,011,18,21001011,0,0,0,0,0,0,0,0,0
111,21,001,011,19,21001011,0,0,0,0,0,0,0,0,0
111,21,001,011,20,21001011,0,0,0,0,0,0,0,0,0
111,21,001,011,21,21001011,0,0,0,0,0,0,0,0,0
111,21,001,012,09,21001012,0,0,0,0,0,0,0,0,0
111,21,001,012,10,21001012,0,0,0,0,0,0,0,0,0
111,21,001,012,11,21001012,0,0,0,0,0,0,0,0,0
111,21,001,012,12,21001012,0,0,0,0,0,0,0,0,0
111,21,001,012,13,21001012,0,0,0,0,0,0,0,0,0
111,21,001,012,17,21001012,0,0,0,0,0,0,0,0,0
111,21,001,012,18,21001012,0,0,0,0,0,0,0,0,0
111,21,001,012,19,21001012,0,0,0,0,0,0,0,0,0
111,21,001,012,20,21001012,0,0,0,0,0,0,0,0,0
111,21,001,012,21,21001012,0,0,0,0,0,0,0,0,0
111,21,001,013,09,21001013,0,0,0,0,0,0,0,0,0
111,21,001,013,10,21001013,0,0,0,0,0,0,0,0,0
111,21,001,013,11,21001013,0,0,0,0,0,0,0,0,0
111,21,001,013,12,21001013,0,0,0,0,0,0,0,0,0
111,21,001,013,13,21001013,0,0,0,0,0,0,0,0,0
111,21,001,013,17,21001013,0,0,0,0,0,0,0,0,0
111,21,001,013,18,21001013,0,0,0,0,0,0,0,0,0
111,21,001,013,19,21001013,0,0,0,0,0,0,0,0,0
111,21,001,013,20,21001013,0,0,0,0,0,0,0,0,0
111,21,001,013,21,21001013,0,0,0,0,0,0,0,0,0
111,21,001,014,09,21001014,0,0,0,0,0,0,0,0,0
111,21,001,014,10,21001014,0,0,0,0,0,0,0,0,0
111,21,001,014,11,21001014,0,0,0,0,0,0,0,0,0
111,21,001,014,12,21001014,0,0,0,0,0,0,0,0,0
111,21,001,014,13,21001014,0,0,0,0,0,0,0,0,0
111,21,001,014,17,21001014,0,0,0,0,0,0,0,0,0
111,21,001,014,18,21001014,0,0,0,0,0,0,0,0,0
111,21,001,014,19,21001014,0,0,0,0,0,0,0,0,0
111,21,001,014,20,21001014,0,0,0,0,0,0,0,0,0
111,21,001,014,21,21001014,0,0,0,0,0,0,0,0,0
111,21,001,015,09,21001015,0,0,0,0,0,0,0,0,0
111,21,001,015,10,21001015,0,0,0,0,0,0,0,0,0
111,21,001,015,11,21001015,0,0,0,0,0,0,0,0,0
111,21,001,015,12,21001015,0,0,0,0,0,0,0,0,0
111,21,001,015,13,21001015,0,0,0,0,0,0,0,0,0
111,21,001,015,17,21001015,0,0,0,0,0,0,0,0,0
111,21,001,015,18,21001015,0,0,0,0,0,0,0,0,0
111,21,001,015,19,21001015,0,0,0,0,0,0,0,0,0
111,21,001,015,20,21001015,0,0,0,0,0,0,0,0,0
111,21,001,015,21,21001015,0,0,0,0,0,0,0,0,0
111,21,001,016,09,21001016,0,0,0,0,0,0,0,0,0
111,21,001,016,10,21001016,0,0,0,0,0,0,0,0,0
111,21,001,016,11,21001016,0,0,0,0,0,0,0,0,0
111,21,001,016,12,21001016,0,0,0,0,0,0,0,0,0
111,21,001,016,13,21001016,0,0,0,0,0,0,0,0,0
111,21,001,016,17,21001016,0,0,0,0,0,0,0,0,0
111,21,001,016,18,21001016,0,0,0,0,0,0,0,0,0
111,21,001,016,19,21001016,0,0,0,0,0,0,0,0,0
111,21,001,016,20,21001016,0,0,0,0,0,0,0,0,0
111,21,001,016,21,21001016,0,0,0,0,0,0,0,0,0
111,21,001,017,09,21001017,0,0,0,0,0,0,0,0,0
111,21,001,017,10,21001017,0,0,0,0,0,0,0,0,0
111,21,001,017,11,21001017,0,0,0,0,0,0,0,0,0
111,21,001,017,12,21001017,0,0,0,0,0,0,0,0,0
111,21,001,017,13,21001017,0,0,0,0,0,0,0,0,0
111,21,001,017,17,21001017,0,0,0,0,0,0,0,0,0
111,21,001,017,18,21001017,0,0,0,0,0,0,0,0,0
111,21,001,017,19,21001017,0,0,0,0,0,0,0,0,0
111,21,001,017,20,21001017,0,0,0,0,0,0,0,0,0
111,21,001,017,21,21001017,0,0,0,0,0,0,0,0,0
111,21,001,018,09,21001018,0,0,0,0,0,0,0,0,0
111,21,001,018,10,21001018,0,0,0,0,0,0,0,0,0
111,21,001,018,11,21001018,0,0,0,0,0,0,0,0,0
111,21,001,018,12,21001018,0,0,0,0,0,0,0,0,0
111,21,001,018,13,21001018,0,0,0,0,0,0,0,0,0
111,21,001,018,17,21001018,0,0,0,0,0,0,0,0,0
111,21,001,018,18,21001018,0,0,0,0,0,0,0,0,0
111,21,001,018,19,21001018,0,0,0,0,0,0,0,0,0
111,21,001,018,20,21001018,0,0,0,0,0,0,0,0,0
111,21,001,018,21,21001018,0,0,0,0,0,0,0,0,0
111,21,001,019,09,21001019,0,0,0,0,0,0,0,0,0
111,21,001,019,10,21001019,0,0,0,0,0,0,0,0,0
111,21,001,019,11,21001019,0,0,0,0,0,0,0,0,0
111,21,001,019,12,21001019,0,0,0,0,0,0,0,0,0
111,21,001,019,13,21001019,0,0,0,0,0,0,0,0,0
111,21,001,019,17,21001019,0,0,0,0,0,0,0,0,0
111,21,001,019,18,21001019,0,0,0,0,0,0,0,0,0
111,21,001,019,19,21001019,0,0,0,0,0,0,0,0,0
111,21,001,019,20,21001019,0,0,0,0,0,0,0,0,0
111,21,001,019,21,21001019,0,0,0,0,0,0,0,0,0
111,21,001,020,09,21001020,0,0,0,0,0,0,0,0,0
111,21,001,020,10,21001020,0,0,0,0,0,0,0,0,0
111,21,001,020,11,21001020,0,0,0,0,0,0,0,0,0
111,21,001,020,12,21001020,0,0,0,0,0,0,0,0,0
111,21,001,020,13,21001020,0,0,0,0,0,0,0,0,0
111,21,001,020,17,21001020,0,0,0,0,0,0,0,0,0
111,21,001,020,18,21001020,0,0,0,0,0,0,0,0,0
111,21,001,020,19,21001020,0,0,0,0,0,0,0,0,0
111,21,001,020,20,21001020,0,0,0,0,0,0,0,0,0
111,21,001,020,21,21001020,0,0,0,0,0,0,0,0,0
111,21,001,021,09,21001021,0,0,0,0,0,0,0,0,0
111,21,001,021,10,21001021,0,0,0,0,0,0,0,0,0
111,21,001,021,11,21001021,0,0,0,0,0,0,0,0,0
111,21,001,021,12,21001021,0,0,0,0,0,0,0,0,0
111,21,001,021,13,21001021,0,0,0,0,0,0,0,0,0
111,21,001,021,17,21001021,0,0,0,0,0,0,0,0,0
111,21,001,021,18,21001021,0,0,0,0,0,0,0,0,0
111,21,001,021,19,21001021,0,0,0,0,0,0,0,0,0
111,21,001,021,20,21001021,0,0,0,0,0,0,0,0,0
111,21,001,021,21,21001021,0,0,0,0,0,0,0,0,0
111,21,001,022,09,21001022,0,0,0,0,0,0,0,0,0
111,21,001,022,10,21001022,0,0,0,0,0,0,0,0,0
111,21,001,022,11,21001022,0,0,0,0,0,0,0,0,0
111,21,001,022,12,21001022,0,0,0,0,0,0,0,0,0
111,21,001,022,13,21001022,0,0,0,0,0,0,0,0,0
111,21,001,022,17,21001022,0,0,0,0,0,0,0,0,0
111,21,001,022,18,21001022,0,0,0,0,0,0,0,0,0
111,21,001,022,19,21001022,0,0,0,0,0,0,0,0,0
111,21,001,022,20,21001022,0,0,0,0,0,0,0,0,0
111,21,001,022,21,21001022,0,0,0,0,0,0,0,0,0
111,21,001,023,09,21001023,0,0,0,0,0,0,0,0,0
111,21,001,023,10,21001023,0,0,0,0,0,0,0,0,0
111,21,001,023,11,21001023,0,0,0,0,0,0,0,0,0
111,21,001,023,12,21001023,0,0,0,0,0,0,0,0,0
111,21,001,023,13,21001023,0,0,0,0,0,0,0,0,0
111,21,001,023,17,21001023,0,0,0,0,0,0,0,0,0
111,21,001,023,18,21001023,0,0,0,0,0,0,0,0,0
111,21,001,023,19,21001023,0,0,0,0,0,0,0,0,0
111,21,001,023,20,21001023,0,0,0,0,0,0,0,0,0
111,21,001,023,21,21001023,0,0,0,0,0,0,0,0,0
111,21,001,024,09,21001024,0,0,0,0,0,0,0,0,0
111,21,001,024,10,21001024,0,0,0,0,0,0,0,0,0
111,21,001,024,11,21001024,0,0,0,0,0,0,0,0,0
111,21,001,024,12,21001024,0,0,0,0,0,0,0,0,0
111,21,001,024,13,21001024,0,0,0,0,0,0,0,0,0
111,21,001,024,17,21001024,0,0,0,0,0,0,0,0,0
111,21,001,024,18,21001024,0,0,0,0,0,0,0,0,0
111,21,001,024,19,21001024,0,0,0,0,0,0,0,0,0
111,21,001,024,20,21001024,0,0,0,0,0,0,0,0,0
111,21,001,024,21,21001024,0,0,0,0,0,0,0,0,0
111,21,001,025,09,21001025,0,0,0,0,0,0,0,0,0
111,21,001,025,10,21001025,0,0,0,0,0,0,0,0,0
111,21,001,025,11,21001025,0,0,0,0,0,0,0,0,0
111,21,001,025,12,21001025,0,0,0,0,0,0,0,0,0
111,21,001,025,13,21001025,0,0,0,0,0,0,0,0,0
111,21,001,025,17,21001025,0,0,0,0,0,0,0,0,0
111,21,001,025,18,21001025,0,0,0,0,0,0,0,0,0
111,21,001,025,19,21001025,0,0,0,0,0,0,0,0,0
111,21,001,025,20,21001025,0,0,0,0,0,0,0,0,0
111,21,001,025,21,21001025,0,0,0,0,0,0,0,0,0
111,21,001,026,09,21001026,0,0,0,0,0,0,0,0,0
111,21,001,026,10,21001026,0,0,0,0,0,0,0,0,0
111,21,001,026,11,21001026,0,0,0,0,0,0,0,0,0
111,21,001,026,12,21001026,0,0,0,0,0,0,0,0,0
111,21,001,026,13,21001026,0,0,0,0,0,0,0,0,0
111,21,001,026,17,21001026,0,0,0,0,0,0,0,0,0
111,21,001,026,18,21001026,0,0,0,0,0,0,0,0,0
111,21,001,026,19,21001026,0,0,0,0,0,0,0,0,0
111,21,001,026,20,21001026,0,0,0,0,0,0,0,0,0
111,21,001,026,21,21001026,0,0,0,0,0,0,0,0,0
111,21,001,027,09,21001027,0,0,0,0,0,0,0,0,0
111,21,001,027,10,21001027,0,0,0,0,0,0,0,0,0
111,21,001,027,11,21001027,0,0,0,0,0,0,0,0,0
111,21,001,027,12,21001027,0,0,0,0,0,0,0,0,0
111,21,001,027,13,21001027,0,0,0,0,0,0,0,0,0
111,21,001,027,17,21001027,0,0,0,0,0,0,0,0,0
111,21,001,027,18,21001027,0,0,0,0,0,0,0,0,0
111,21,001,027,19,21001027,0,0,0,0,0,0,0,0,0
111,21,001,027,20,21001027,0,0,0,0,0,0,0,0,0
111,21,001,027,21,21001027,0,0,0,0,0,0,0,0,0
111,21,001,028,09,21001028,0,0,0,0,0,0,0,0,0
111,21,001,028,10,21001028,0,0,0,0,0,0,0,0,0
111,21,001,028,11,21001028,0,0,0,0,0,0,0,0,0
111,21,001,028,12,21001028,0,0,0,0,0,0,0,0,0
111,21,001,028,13,21001028,0,0,0,0,0,0,0,0,0
111,21,001,028,17,21001028,0,0,0,0,0,0,0,0,0
111,21,001,028,18,21001028,0,0,0,0,0,0,0,0,0
111,21,001,028,19,21001028,0,0,0,0,0,0,0,0,0
111,21,001,028,20,21001028,0,0,0,0,0,0,0,0,0
111,21,001,028,21,21001028,0,0,0,0,0,0,0,0,0
111,21,001,029,09,21001029,0,0,0,0,0,0,0,0,0
111,21,001,029,10,21001029,0,0,0,0,0,0,0,0,0
111,21,001,029,11,21001029,0,0,0,0,0,0,0,0,0
111,21,001,029,12,21001029,0,0,0,0,0,0,0,0,0
111,21,001,029,13,21001029,0,0,0,0,0,0,0,0,0
111,21,001,029,17,21001029,0,0,0,0,0,0,0,0,0
111,21,001,029,18,21001029,0,0,0,0,0,0,0,0,0
111,21,001,029,19,21001029,0,0,0,0,0,0,0,0,0
111,21,001,029,20,21001029,0,0,0,0,0,0,0,0,0
111,21,001,029,21,21001029,0,0,0,0,0,0,0,0,0
111,21,001,030,09,21001030,0,0,0,0,0,0,0,0,0
111,21,001,030,10,21001030,0,0,0,0,0,0,0,0,0
111,21,001,030,11,21001030,0,0,0,0,0,0,0,0,0
111,21,001,030,12,21001030,0,0,0,0,0,0,0,0,0
111,21,001,030,13,21001030,0,0,0,0,0,0,0,0,0
111,21,001,030,17,21001030,0,0,0,0,0,0,0,0,0
111,21,001,030,18,21001030,0,0,0,0,0,0,0,0,0
111,21,001,030,19,21001030,0,0,0,0,0,0,0,0,0
111,21,001,030,20,21001030,0,0,0,0,0,0,0,0,0
111,21,001,030,21,21001030,0,0,0,0,0,0,0,0,0
111,21,001,031,09,21001031,0,0,0,0,0,0,0,0,0
111,21,001,031,10,21001031,0,0,0,0,0,0,0,0,0
111,21,001,031,11,21001031,0,0,0,0,0,0,0,0,0
111,21,001,031,12,21001031,0,0,0,0,0,0,0,0,0
111,21,001,031,13,21001031,0,0,0,0,0,0,0,0,0
111,21,001,031,17,21001031,0,0,0,0,0,0,0,0,0
111,21,001,031,18,21001031,0,0,0,0,0,0,0,0,0
111,21,001,031,19,21001031,0,0,0,0,0,0,0,0,0
111,21,001,031,20,21001031,0,0,0,0,0,0,0,0,0
111,21,001,031,21,21001031,0,0,0,0,0,0,0,0,0
111,21,001,032,09,21001032,0,0,0,0,0,0,0,0,0
111,21,001,032,10,21001032,0,0,0,0,0,0,0,0,0
111,21,001,032,11,21001032,0,0,0,0,0,0,0,0,0
111,21,001,032,12,21001032,0,0,0,0,0,0,0,0,0
111,21,001,032,13,21001032,0,0,0,0,0,0,0,0,0
111,21,001,032,17,21001032,0,0,0,0,0,0,0,0,0
111,21,001,032,18,21001032,0,0,0,0,0,0,0,0,0
111,21,001,032,19,21001032,0,0,0,0,0,0,0,0,0
111,21,001,032,20,21001032,0,0,0,0,0,0,0,0,0
111,21,001,032,21,21001032,0,0,0,0,0,0,0,0,0
111,21,001,033,09,21001033,0,0,0,0,0,0,0,0,0
111,21,001,033,10,21001033,0,0,0,0,0,0,0,0,0
111,21,001,033,11,21001033,0,0,0,0,0,0,0,0,0
111,21,001,033,12,21001033,0,0,0,0,0,0,0,0,0
111,21,001,033,13,21001033,0,0,0,0,0,0,0,0,0
111,21,001,033,17,21001033,0,0,0,0,0,0,0,0,0
111,21,001,033,18,21001033,0,0,0,0,0,0,0,0,0
111,21,001,033,19,21001033,0,0,0,0,0,0,0,0,0
111,21,001,033,20,21001033,0,0,0,0,0,0,0,0,0
111,21,001,033,21,21001033,0,0,0,0,0,0,0,0,0
111,21,001,034,09,21001034,0,0,0,0,0,0,0,0,0
111,21,001,034,10,21001034,0,0,0,0,0,0,0,0,0
111,21,001,034,11,21001034,0,0,0,0,0,0,0,0,0
111,21,001,034,12,21001034,0,0,0,0,0,0,0,0,0
111,21,001,034,13,21001034,0,0,0,0,0,0,0,0,0
111,21,001,034,17,21001034,0,0,0,0,0,0,0,0,0
111,21,001,034,18,21001034,0,0,0,0,0,0,0,0,0
111,21,001,034,19,21001034,0,0,0,0,0,0,0,0,0
111,21,001,034,20,21001034,0,0,0,0,0,0,0,0,0
111,21,001,034,21,21001034,0,0,0,0,0,0,0,0,0
111,21,001,035,09,21001035,0,0,0,0,0,0,0,0,0
111,21,001,035,10,21001035,0,0,0,0,0,0,0,0,0
111,21,001,035,11,21001035,0,0,0,0,0,0,0,0,0
111,21,001,035,12,21001035,0,0,0,0,0,0,0,0,0
111,21,001,035,13,21001035,0,0,0,0,0,0,0,0,0
111,21,001,035,17,21001035,0,0,0,0,0,0,0,0,0
111,21,001,035,18,21001035,0,0,0,0,0,0,0,0,0
111,21,001,035,19,21001035,0,0,0,0,0,0,0,0,0
111,21,001,035,20,21001035,0,0,0,0,0,0,0,0,0
111,21,001,035,21,21001035,0,0,0,0,0,0,0,0,0
111,21,001,036,09,21001036,0,0,0,0,0,0,0,0,0
111,21,001,036,10,21001036,0,0,0,0,0,0,0,0,0
111,21,001,036,11,21001036,0,0,0,0,0,0,0,0,0
111,21,001,036,12,21001036,0,0,0,0,0,0,0,0,0
111,21,001,036,13,21001036,0,0,0,0,0,0,0,0,0
111,21,001,036,17,21001036,0,0,0,0,0,0,0,0,0
111,21,001,036,18,21001036,0,0,0,0,0,0,0,0,0
111,21,001,036,19,21001036,0,0,0,0,0,0,0,0,0
111,21,001,036,20,21001036,0,0,0,0,0,0,0,0,0
111,21,001,036,21,21001036,0,0,0,0,0,0,0,0,0
111,21,001,037,09,21001037,0,0,0,0,0,0,0,0,0
111,21,001,037,10,21001037,0,0,0,0,0,0,0,0,0
111,21,001,037,11,21001037,0,0,0,0,0,0,0,0,0
111,21,001,037,12,21001037,0,0,0,0,0,0,0,0,0
111,21,001,037,13,21001037,0,0,0,0,0,0,0,0,0
111,21,001,037,17,21001037,0,0,0,0,0,0,0,0,0
111,21,001,037,18,21001037,0,0,0,0,0,0,0,0,0
111,21,001,037,19,21001037,0,0,0,0,0,0,0,0,0
111,21,001,037,20,21001037,0,0,0,0,0,0,0,0,0
111,21,001,037,21,21001037,0,0,0,0,0,0,0,0,0
111,21,001,038,09,21001038,0,0,0,0,0,0,0,0,0
111,21,001,038,10,21001038,0,0,0,0,0,0,0,0,0
111,21,001,038,11,21001038,0,0,0,0,0,0,0,0,0
111,21,001,038,12,21001038,0,0,0,0,0,0,0,0,0
111,21,001,038,13,21001038,0,0,0,0,0,0,0,0,0
111,21,001,038,17,21001038,0,0,0,0,0,0,0,0,0
111,21,001,038,18,21001038,0,0,0,0,0,0,0,0,0
111,21,001,038,19,21001038,0,0,0,0,0,0,0,0,0
111,21,001,038,20,21001038,0,0,0,0,0,0,0,0,0
111,21,001,038,21,21001038,0,0,0,0,0,0,0,0,0
111,21,001,039,09,21001039,0,0,0,0,0,0,0,0,0
111,21,001,039,10,21001039,0,0,0,0,0,0,0,0,0
111,21,001,039,11,21001039,0,0,0,0,0,0,0,0,0
111,21,001,039,12,21001039,0,0,0,0,0,0,0,0,0
111,21,001,039,13,21001039,0,0,0,0,0,0,0,0,0
111,21,001,039,17,21001039,0,0,0,0,0,0,0,0,0
111,21,001,039,18,21001039,0,0,0,0,0,0,0,0,0
111,21,001,039,19,21001039,0,0,0,0,0,0,0,0,0
111,21,001,039,20,21001039,0,0,0,0,0,0,0,0,0
111,21,001,039,21,21001039,0,0,0,0,0,0,0,0,0
111,21,001,040,09,21001040,0,0,0,0,0,0,0,0,0
111,21,001,040,10,21001040,0,0,0,0,0,0,0,0,0
111,21,001,040,11,21001040,0,0,0,0,0,0,0,0,0
111,21,001,040,12,21001040,0,0,0,0,0,0,0,0,0
111,21,001,040,13,21001040,0,0,0,0,0,0,0,0,0
111,21,001,040,17,21001040,0,0,0,0,0,0,0,0,0
111,21,001,040,18,21001040,0,0,0,0,0,0,0,0,0
111,21,001,040,19,21001040,0,0,0,0,0,0,0,0,0
111,21,001,040,20,21001040,0,0,0,0,0,0,0,0,0
111,21,001,040,21,21001040,0,0,0,0,0,0,0,0,0
111,21,001,041,09,21001041,0,0,0,0,0,0,0,0,0
111,21,001,041,10,21001041,0,0,0,0,0,0,0,0,0
111,21,001,041,11,21001041,0,0,0,0,0,0,0,0,0
111,21,001,041,12,21001041,0,0,0,0,0,0,0,0,0
111,21,001,041,13,21001041,0,0,0,0,0,0,0,0,0
111,21,001,041,17,21001041,0,0,0,0,0,0,0,0,0
111,21,001,041,18,21001041,0,0,0,0,0,0,0,0,0
111,21,001,041,19,21001041,0,0,0,0,0,0,0,0,0
111,21,001,041,20,21001041,0,0,0,0,0,0,0,0,0
111,21,001,041,21,21001041,0,0,0,0,0,0,0,0,0
111,21,001,042,09,21001042,0,0,0,0,0,0,0,0,0
111,21,001,042,10,21001042,0,0,0,0,0,0,0,0,0
111,21,001,042,11,21001042,0,0,0,0,0,0,0,0,0
111,21,001,042,12,21001042,0,0,0,0,0,0,0,0,0
111,21,001,042,13,21001042,0,0,0,0,0,0,0,0,0
111,21,001,042,17,21001042,0,0,0,0,0,0,0,0,0
111,21,001,042,18,21001042,0,0,0,0,0,0,0,0,0
111,21,001,042,19,21001042,0,0,0,0,0,0,0,0,0
111,21,001,042,20,21001042,0,0,0,0,0,0,0,0,0
111,21,001,042,21,21001042,0,0,0,0,0,0,0,0,0
111,21,002,001,09,21002001,0,0,0,0,0,0,0,0,0
111,21,002,001,10,21002001,0,0,0,0,0,0,0,0,0
111,21,002,001,11,21002001,0,0,0,0,0,0,0,0,0
111,21,002,001,12,21002001,0,0,0,0,0,0,0,0,0
111,21,002,001,13,21002001,0,0,0,0,0,0,0,0,0
111,21,002,001,17,21002001,0,0,0,0,0,0,0,0,0
111,21,002,001,18,21002001,0,0,0,0,0,0,0,0,0
111,21,002,001,19,21002001,0,0,0,0,0,0,0,0,0
111,21,002,001,20,21002001,0,0,0,0,0,0,0,0,0
111,21,002,001,21,21002001,0,0,0,0,0,0,0,0,0
111,21,002,002,09,21002002,0,0,0,0,0,0,0,0,0
111,21,002,002,10,21002002,0,0,0,0,0,0,0,0,0
111,21,002,002,11,21002002,0,0,0,0,0,0,0,0,0
111,21,002,002,12,21002002,0,0,0,0,0,0,0,0,0
111,21,002,002,13,21002002,0,0,0,0,0,0,0,0,0
111,21,002,002,17,21002002,0,0,0,0,0,0,0,0,0
111,21,002,002,18,21002002,0,0,0,0,0,0,0,0,0
111,21,002,002,19,21002002,0,0,0,0,0,0,0,0,0
111,21,002,002,20,21002002,0,0,0,0,0,0,0,0,0
111,21,002,002,21,21002002,0,0,0,0,0,0,0,0,0
111,21,002,003,09,21002003,0,0,0,0,0,0,0,0,0
111,21,002,003,10,21002003,0,0,0,0,0,0,0,0,0
111,21,002,003,11,21002003,0,0,0,0,0,0,0,0,0
111,21,002,003,12,21002003,0,0,0,0,0,0,0,0,0
111,21,002,003,13,21002003,0,0,0,0,0,0,0,0,0
111,21,002,003,17,21002003,0,0,0,0,0,0,0,0,0
111,21,002,003,18,21002003,0,0,0,0,0,0,0,0,0
111,21,002,003,19,21002003,0,0,0,0,0,0,0,0,0
111,21,002,003,20,21002003,0,0,0,0,0,0,0,0,0
111,21,002,003,21,21002003,0,0,0,0,0,0,0,0,0
111,21,002,004,09,21002004,0,0,0,0,0,0,0,0,0
111,21,002,004,10,21002004,0,0,0,0,0,0,0,0,0
111,21,002,004,11,21002004,0,0,0,0,0,0,0,0,0
111,21,002,004,12,21002004,0,0,0,0,0,0,0,0,0
111,21,002,004,13,21002004,0,0,0,0,0,0,0,0,0
111,21,002,004,17,21002004,0,0,0,0,0,0,0,0,0
111,21,002,004,18,21002004,0,0,0,0,0,0,0,0,0
111,21,002,004,19,21002004,0,0,0,0,0,0,0,0,0
111,21,002,004,20,21002004,0,0,0,0,0,0,0,0,0
111,21,002,004,21,21002004,0,0,0,0,0,0,0,0,0
111,21,002,005,09,21002005,0,0,0,0,0,0,0,0,0
111,21,002,005,10,21002005,0,0,0,0,0,0,0,0,0
111,21,002,005,11,21002005,0,0,0,0,0,0,0,0,0
111,21,002,005,12,21002005,0,0,0,0,0,0,0,0,0
111,21,002,005,13,21002005,0,0,0,0,0,0,0,0,0
111,21,002,005,17,21002005,0,0,0,0,0,0,0,0,0
111,21,002,005,18,21002005,0,0,0,0,0,0,0,0,0
111,21,002,005,19,21002005,0,0,0,0,0,0,0,0,0
111,21,002,005,20,21002005,0,0,0,0,0,0,0,0,0
111,21,002,005,21,21002005,0,0,0,0,0,0,0,0,0
111,21,002,006,09,21002006,0,0,0,0,0,0,0,0,0
111,21,002,006,10,21002006,0,0,0,0,0,0,0,0,0
111,21,002,006,11,21002006,0,0,0,0,0,0,0,0,0
111,21,002,006,12,21002006,0,0,0,0,0,0,0,0,0
111,21,002,006,13,21002006,0,0,0,0,0,0,0,0,0
111,21,002,006,17,21002006,0,0,0,0,0,0,0,0,0
111,21,002,006,18,21002006,0,0,0,0,0,0,0,0,0
111,21,002,006,19,21002006,0,0,0,0,0,0,0,0,0
111,21,002,006,20,21002006,0,0,0,0,0,0,0,0,0
111,21,002,006,21,21002006,0,0,0,0,0,0,0,0,0
111,21,002,007,09,21002007,0,0,0,0,0,0,0,0,0
111,21,002,007,10,21002007,0,0,0,0,0,0,0,0,0
111,21,002,007,11,21002007,0,0,0,0,0,0,0,0,0
111,21,002,007,12,21002007,0,0,0,0,0,0,0,0,0
111,21,002,007,13,21002007,0,0,0,0,0,0,0,0,0
111,21,002,007,17,21002007,0,0,0,0,0,0,0,0,0
111,21,002,007,18,21002007,0,0,0,0,0,0,0,0,0
111,21,002,007,19,21002007,0,0,0,0,0,0,0,0,0
111,21,002,007,20,21002007,0,0,0,0,0,0,0,0,0
111,21,002,007,21,21002007,0,0,0,0,0,0,0,0,0
111,21,002,008,09,21002008,0,0,0,0,0,0,0,0,0
111,21,002,008,10,21002008,0,0,0,0,0,0,0,0,0
111,21,002,008,11,21002008,0,0,0,0,0,0,0,0,0
111,21,002,008,12,21002008,0,0,0,0,0,0,0,0,0
111,21,002,008,13,21002008,0,0,0,0,0,0,0,0,0
111,21,002,008,17,21002008,0,0,0,0,0,0,0,0,0
111,21,002,008,18,21002008,0,0,0,0,0,0,0,0,0
111,21,002,008,19,21002008,0,0,0,0,0,0,0,0,0
111,21,002,008,20,21002008,0,0,0,0,0,0,0,0,0
111,21,002,008,21,21002008,0,0,0,0,0,0,0,0,0
111,21,002,009,09,21002009,0,0,0,0,0,0,0,0,0
111,21,002,009,10,21002009,0,0,0,0,0,0,0,0,0
111,21,002,009,11,21002009,0,0,0,0,0,0,0,0,0
111,21,002,009,12,21002009,0,0,0,0,0,0,0,0,0
111,21,002,009,13,21002009,0,0,0,0,0,0,0,0,0
111,21,002,009,17,21002009,0,0,0,0,0,0,0,0,0
111,21,002,009,18,21002009,0,0,0,0,0,0,0,0,0
111,21,002,009,19,21002009,0,0,0,0,0,0,0,0,0
111,21,002,009,20,21002009,0,0,0,0,0,0,0,0,0
111,21,002,009,21,21002009,0,0,0,0,0,0,0,0,0
111,21,002,010,09,21002010,0,0,0,0,0,0,0,0,0
111,21,002,010,10,21002010,0,0,0,0,0,0,0,0,0
111,21,002,010,11,21002010,0,0,0,0,0,0,0,0,0
111,21,002,010,12,21002010,0,0,0,0,0,0,0,0,0
111,21,002,010,13,21002010,0,0,0,0,0,0,0,0,0
111,21,002,010,17,21002010,0,0,0,0,0,0,0,0,0
111,21,002,010,18,21002010,0,0,0,0,0,0,0,0,0
111,21,002,010,19,21002010,0,0,0,0,0,0,0,0,0
111,21,002,010,20,21002010,0,0,0,0,0,0,0,0,0
111,21,002,010,21,21002010,0,0,0,0,0,0,0,0,0
111,21,002,011,09,21002011,0,0,0,0,0,0,0,0,0
111,21,002,011,10,21002011,0,0,0,0,0,0,0,0,0
111,21,002,011,11,21002011,0,0,0,0,0,0,0,0,0
111,21,002,011,12,21002011,0,0,0,0,0,0,0,0,0
111,21,002,011,13,21002011,0,0,0,0,0,0,0,0,0
111,21,002,011,17,21002011,0,0,0,0,0,0,0,0,0
111,21,002,011,18,21002011,0,0,0,0,0,0,0,0,0
111,21,002,011,19,21002011,0,0,0,0,0,0,0,0,0
111,21,002,011,20,21002011,0,0,0,0,0,0,0,0,0
111,21,002,011,21,21002011,0,0,0,0,0,0,0,0,0
111,21,002,012,09,21002012,0,0,0,0,0,0,0,0,0
111,21,002,012,10,21002012,0,0,0,0,0,0,0,0,0
111,21,002,012,11,21002012,0,0,0,0,0,0,0,0,0
111,21,002,012,12,21002012,0,0,0,0,0,0,0,0,0
111,21,002,012,13,21002012,0,0,0,0,0,0,0,0,0
111,21,002,012,17,21002012,0,0,0,0,0,0,0,0,0
111,21,002,012,18,21002012,0,0,0,0,0,0,0,0,0
111,21,002,012,19,21002012,0,0,0,0,0,0,0,0,0
111,21,002,012,20,21002012,0,0,0,0,0,0,0,0,0
111,21,002,012,21,21002012,0,0,0,0,0,0,0,0,0
111,21,002,013,09,21002013,0,0,0,0,0,0,0,0,0
111,21,002,013,10,21002013,0,0,0,0,0,0,0,0,0
111,21,002,013,11,21002013,0,0,0,0,0,0,0,0,0
111,21,002,013,12,21002013,0,0,0,0,0,0,0,0,0
111,21,002,013,13,21002013,0,0,0,0,0,0,0,0,0
111,21,002,013,17,21002013,0,0,0,0,0,0,0,0,0
111,21,002,013,18,21002013,0,0,0,0,0,0,0,0,0
111,21,002,013,19,21002013,0,0,0,0,0,0,0,0,0
111,21,002,013,20,21002013,0,0,0,0,0,0,0,0,0
111,21,002,013,21,21002013,0,0,0,0,0,0,0,0,0
111,21,002,014,09,21002014,0,0,0,0,0,0,0,0,0
111,21,002,014,10,21002014,0,0,0,0,0,0,0,0,0
111,21,002,014,11,21002014,0,0,0,0,0,0,0,0,0
111,21,002,014,12,21002014,0,0,0,0,0,0,0,0,0
111,21,002,014,13,21002014,0,0,0,0,0,0,0,0,0
111,21,002,014,17,21002014,0,0,0,0,0,0,0,0,0
111,21,002,014,18,21002014,0,0,0,0,0,0,0,0,0
111,21,002,014,19,21002014,0,0,0,0,0,0,0,0,0
111,21,002,014,20,21002014,0,0,0,0,0,0,0,0,0
111,21,002,014,21,21002014,0,0,0,0,0,0,0,0,0
111,21,002,015,09,21002015,0,0,0,0,0,0,0,0,0
111,21,002,015,10,21002015,0,0,0,0,0,0,0,0,0
111,21,002,015,11,21002015,0,0,0,0,0,0,0,0,0
111,21,002,015,12,21002015,0,0,0,0,0,0,0,0,0
111,21,002,015,13,21002015,0,0,0,0,0,0,0,0,0
111,21,002,015,17,21002015,0,0,0,0,0,0,0,0,0
111,21,002,015,18,21002015,0,0,0,0,0,0,0,0,0
111,21,002,015,19,21002015,0,0,0,0,0,0,0,0,0
111,21,002,015,20,21002015,0,0,0,0,0,0,0,0,0
111,21,002,015,21,21002015,0,0,0,0,0,0,0,0,0
111,21,002,016,09,21002016,0,0,0,0,0,0,0,0,0
111,21,002,016,10,21002016,0,0,0,0,0,0,0,0,0
111,21,002,016,11,21002016,0,0,0,0,0,0,0,0,0
111,21,002,016,12,21002016,0,0,0,0,0,0,0,0,0
111,21,002,016,13,21002016,0,0,0,0,0,0,0,0,0
111,21,002,016,17,21002016,0,0,0,0,0,0,0,0,0
111,21,002,016,18,21002016,0,0,0,0,0,0,0,0,0
111,21,002,016,19,21002016,0,0,0,0,0,0,0,0,0
111,21,002,016,20,21002016,0,0,0,0,0,0,0,0,0
111,21,002,016,21,21002016,0,0,0,0,0,0,0,0,0
111,21,002,017,09,21002017,0,0,0,0,0,0,0,0,0
111,21,002,017,10,21002017,0,0,0,0,0,0,0,0,0
111,21,002,017,11,21002017,0,0,0,0,0,0,0,0,0
111,21,002,017,12,21002017,0,0,0,0,0,0,0,0,0
111,21,002,017,13,21002017,0,0,0,0,0,0,0,0,0
111,21,002,017,17,21002017,0,0,0,0,0,0,0,0,0
111,21,002,017,18,21002017,0,0,0,0,0,0,0,0,0
111,21,002,017,19,21002017,0,0,0,0,0,0,0,0,0
111,21,002,017,20,21002017,0,0,0,0,0,0,0,0,0
111,21,002,017,21,21002017,0,0,0,0,0,0,0,0,0
111,21,002,018,09,21002018,0,0,0,0,0,0,0,0,0
111,21,002,018,10,21002018,0,0,0,0,0,0,0,0,0
111,21,002,018,11,21002018,0,0,0,0,0,0,0,0,0
111,21,002,018,12,21002018,0,0,0,0,0,0,0,0,0
111,21,002,018,13,21002018,0,0,0,0,0,0,0,0,0
111,21,002,018,17,21002018,0,0,0,0,0,0,0,0,0
111,21,002,018,18,21002018,0,0,0,0,0,0,0,0,0
111,21,002,018,19,21002018,0,0,0,0,0,0,0,0,0
111,21,002,018,20,21002018,0,0,0,0,0,0,0,0,0
111,21,002,018,21,21002018,0,0,0,0,0,0,0,0,0
111,21,002,019,09,21002019,0,0,0,0,0,0,0,0,0
111,21,002,019,10,21002019,0,0,0,0,0,0,0,0,0
111,21,002,019,11,21002019,0,0,0,0,0,0,0,0,0
111,21,002,019,12,21002019,0,0,0,0,0,0,0,0,0
111,21,002,019,13,21002019,0,0,0,0,0,0,0,0,0
111,21,002,019,17,21002019,0,0,0,0,0,0,0,0,0
111,21,002,019,18,21002019,0,0,0,0,0,0,0,0,0
111,21,002,019,19,21002019,0,0,0,0,0,0,0,0,0
111,21,002,019,20,21002019,0,0,0,0,0,0,0,0,0
111,21,002,019,21,21002019,0,0,0,0,0,0,0,0,0
111,21,002,020,09,21002020,0,0,0,0,0,0,0,0,0
111,21,002,020,10,21002020,0,0,0,0,0,0,0,0,0
111,21,002,020,11,21002020,0,0,0,0,0,0,0,0,0
111,21,002,020,12,21002020,0,0,0,0,0,0,0,0,0
111,21,002,020,13,21002020,0,0,0,0,0,0,0,0,0
111,21,002,020,17,21002020,0,0,0,0,0,0,0,0,0
111,21,002,020,18,21002020,0,0,0,0,0,0,0,0,0
111,21,002,020,19,21002020,0,0,0,0,0,0,0,0,0
111,21,002,020,20,21002020,0,0,0,0,0,0,0,0,0
111,21,002,020,21,21002020,0,0,0,0,0,0,0,0,0
111,21,002,021,09,21002021,0,0,0,0,0,0,0,0,0
111,21,002,021,10,21002021,0,0,0,0,0,0,0,0,0
111,21,002,021,11,21002021,0,0,0,0,0,0,0,0,0
111,21,002,021,12,21002021,0,0,0,0,0,0,0,0,0
111,21,002,021,13,21002021,0,0,0,0,0,0,0,0,0
111,21,002,021,17,21002021,0,0,0,0,0,0,0,0,0
111,21,002,021,18,21002021,0,0,0,0,0,0,0,0,0
111,21,002,021,19,21002021,0,0,0,0,0,0,0,0,0
111,21,002,021,20,21002021,0,0,0,0,0,0,0,0,0
111,21,002,021,21,21002021,0,0,0,0,0,0,0,0,0
111,21,002,022,09,21002022,0,0,0,0,0,0,0,0,0
111,21,002,022,10,21002022,0,0,0,0,0,0,0,0,0
111,21,002,022,11,21002022,0,0,0,0,0,0,0,0,0
111,21,002,022,12,21002022,0,0,0,0,0,0,0,0,0
111,21,002,022,13,21002022,0,0,0,0,0,0,0,0,0
111,21,002,022,17,21002022,0,0,0,0,0,0,0,0,0
111,21,002,022,18,21002022,0,0,0,0,0,0,0,0,0
111,21,002,022,19,21002022,0,0,0,0,0,0,0,0,0
111,21,002,022,20,21002022,0,0,0,0,0,0,0,0,0
111,21,002,022,21,21002022,0,0,0,0,0,0,0,0,0
111,21,002,023,09,21002023,0,0,0,0,0,0,0,0,0
111,21,002,023,10,21002023,0,0,0,0,0,0,0,0,0
111,21,002,023,11,21002023,0,0,0,0,0,0,0,0,0
111,21,002,023,12,21002023,0,0,0,0,0,0,0,0,0
111,21,002,023,13,21002023,0,0,0,0,0,0,0,0,0
111,21,002,023,17,21002023,0,0,0,0,0,0,0,0,0
111,21,002,023,18,21002023,0,0,0,0,0,0,0,0,0
111,21,002,023,19,21002023,0,0,0,0,0,0,0,0,0
111,21,002,023,20,21002023,0,0,0,0,0,0,0,0,0
111,21,002,023,21,21002023,0,0,0,0,0,0,0,0,0
111,21,003,001,09,21003001,0,0,0,0,0,0,0,0,0
111,21,003,001,10,21003001,0,0,0,0,0,0,0,0,0
111,21,003,001,11,21003001,0,0,0,0,0,0,0,0,0
111,21,003,001,12,21003001,0,0,0,0,0,0,0,0,0
111,21,003,001,13,21003001,0,0,0,0,0,0,0,0,0
111,21,003,001,17,21003001,0,0,0,0,0,0,0,0,0
111,21,003,001,18,21003001,0,0,0,0,0,0,0,0,0
111,21,003,001,19,21003001,0,0,0,0,0,0,0,0,0
111,21,003,001,20,21003001,0,0,0,0,0,0,0,0,0
111,21,003,001,21,21003001,0,0,0,0,0,0,0,0,0
111,21,003,002,09,21003002,0,0,0,0,0,0,0,0,0
111,21,003,002,10,21003002,0,0,0,0,0,0,0,0,0
111,21,003,002,11,21003002,0,0,0,0,0,0,0,0,0
111,21,003,002,12,21003002,0,0,0,0,0,0,0,0,0
111,21,003,002,13,21003002,0,0,0,0,0,0,0,0,0
111,21,003,002,17,21003002,0,0,0,0,0,0,0,0,0
111,21,003,002,18,21003002,0,0,0,0,0,0,0,0,0
111,21,003,002,19,21003002,0,0,0,0,0,0,0,0,0
111,21,003,002,20,21003002,0,0,0,0,0,0,0,0,0
111,21,003,002,21,21003002,0,0,0,0,0,0,0,0,0
111,21,003,003,09,21003003,0,0,0,0,0,0,0,0,0
111,21,003,003,10,21003003,0,0,0,0,0,0,0,0,0
111,21,003,003,11,21003003,0,0,0,0,0,0,0,0,0
111,21,003,003,12,21003003,0,0,0,0,0,0,0,0,0
111,21,003,003,13,21003003,0,0,0,0,0,0,0,0,0
111,21,003,003,17,21003003,0,0,0,0,0,0,0,0,0
111,21,003,003,18,21003003,0,0,0,0,0,0,0,0,0
111,21,003,003,19,21003003,0,0,0,0,0,0,0,0,0
111,21,003,003,20,21003003,0,0,0,0,0,0,0,0,0
111,21,003,003,21,21003003,0,0,0,0,0,0,0,0,0
111,21,003,004,09,21003004,0,0,0,0,0,0,0,0,0
111,21,003,004,10,21003004,0,0,0,0,0,0,0,0,0
111,21,003,004,11,21003004,0,0,0,0,0,0,0,0,0
111,21,003,004,12,21003004,0,0,0,0,0,0,0,0,0
111,21,003,004,13,21003004,0,0,0,0,0,0,0,0,0
111,21,003,004,17,21003004,0,0,0,0,0,0,0,0,0
111,21,003,004,18,21003004,0,0,0,0,0,0,0,0,0
111,21,003,004,19,21003004,0,0,0,0,0,0,0,0,0
111,21,003,004,20,21003004,0,0,0,0,0,0,0,0,0
111,21,003,004,21,21003004,0,0,0,0,0,0,0,0,0
111,21,003,005,09,21003005,0,0,0,0,0,0,0,0,0
111,21,003,005,10,21003005,0,0,0,0,0,0,0,0,0
111,21,003,005,11,21003005,0,0,0,0,0,0,0,0,0
111,21,003,005,12,21003005,0,0,0,0,0,0,0,0,0
111,21,003,005,13,21003005,0,0,0,0,0,0,0,0,0
111,21,003,005,17,21003005,0,0,0,0,0,0,0,0,0
111,21,003,005,18,21003005,0,0,0,0,0,0,0,0,0
111,21,003,005,19,21003005,0,0,0,0,0,0,0,0,0
111,21,003,005,20,21003005,0,0,0,0,0,0,0,0,0
111,21,003,005,21,21003005,0,0,0,0,0,0,0,0,0
111,21,003,006,09,21003006,0,0,0,0,0,0,0,0,0
111,21,003,006,10,21003006,0,0,0,0,0,0,0,0,0
111,21,003,006,11,21003006,0,0,0,0,0,0,0,0,0
111,21,003,006,12,21003006,0,0,0,0,0,0,0,0,0
111,21,003,006,13,21003006,0,0,0,0,0,0,0,0,0
111,21,003,006,17,21003006,0,0,0,0,0,0,0,0,0
111,21,003,006,18,21003006,0,0,0,0,0,0,0,0,0
111,21,003,006,19,21003006,0,0,0,0,0,0,0,0,0
111,21,003,006,20,21003006,0,0,0,0,0,0,0,0,0
111,21,003,006,21,21003006,0,0,0,0,0,0,0,0,0
111,21,003,007,09,21003007,0,0,0,0,0,0,0,0,0
111,21,003,007,10,21003007,0,0,0,0,0,0,0,0,0
111,21,003,007,11,21003007,0,0,0,0,0,0,0,0,0
111,21,003,007,12,21003007,0,0,0,0,0,0,0,0,0
111,21,003,007,13,21003007,0,0,0,0,0,0,0,0,0
111,21,003,007,17,21003007,0,0,0,0,0,0,0,0,0
111,21,003,007,18,21003007,0,0,0,0,0,0,0,0,0
111,21,003,007,19,21003007,0,0,0,0,0,0,0,0,0
111,21,003,007,20,21003007,0,0,0,0,0,0,0,0,0
111,21,003,007,21,21003007,0,0,0,0,0,0,0,0,0
111,21,003,008,09,21003008,0,0,0,0,0,0,0,0,0
111,21,003,008,10,21003008,0,0,0,0,0,0,0,0,0
111,21,003,008,11,21003008,0,0,0,0,0,0,0,0,0
111,21,003,008,12,21003008,0,0,0,0,0,0,0,0,0
111,21,003,008,13,21003008,0,0,0,0,0,0,0,0,0
111,21,003,008,17,21003008,0,0,0,0,0,0,0,0,0
111,21,003,008,18,21003008,0,0,0,0,0,0,0,0,0
111,21,003,008,19,21003008,0,0,0,0,0,0,0,0,0
111,21,003,008,20,21003008,0,0,0,0,0,0,0,0,0
111,21,003,008,21,21003008,0,0,0,0,0,0,0,0,0
111,21,003,009,09,21003009,0,0,0,0,0,0,0,0,0
111,21,003,009,10,21003009,0,0,0,0,0,0,0,0,0
111,21,003,009,11,21003009,0,0,0,0,0,0,0,0,0
111,21,003,009,12,21003009,0,0,0,0,0,0,0,0,0
111,21,003,009,13,21003009,0,0,0,0,0,0,0,0,0
111,21,003,009,17,21003009,0,0,0,0,0,0,0,0,0
111,21,003,009,18,21003009,0,0,0,0,0,0,0,0,0
111,21,003,009,19,21003009,0,0,0,0,0,0,0,0,0
111,21,003,009,20,21003009,0,0,0,0,0,0,0,0,0
111,21,003,009,21,21003009,0,0,0,0,0,0,0,0,0
111,21,003,010,09,21003010,0,0,0,0,0,0,0,0,0
111,21,003,010,10,21003010,0,0,0,0,0,0,0,0,0
111,21,003,010,11,21003010,0,0,0,0,0,0,0,0,0
111,21,003,010,12,21003010,0,0,0,0,0,0,0,0,0
111,21,003,010,13,21003010,0,0,0,0,0,0,0,0,0
111,21,003,010,17,21003010,0,0,0,0,0,0,0,0,0
111,21,003,010,18,21003010,0,0,0,0,0,0,0,0,0
111,21,003,010,19,21003010,0,0,0,0,0,0,0,0,0
111,21,003,010,20,21003010,0,0,0,0,0,0,0,0,0
111,21,003,010,21,21003010,0,0,0,0,0,0,0,0,0
111,21,003,011,09,21003011,0,0,0,0,0,0,0,0,0
111,21,003,011,10,21003011,0,0,0,0,0,0,0,0,0
111,21,003,011,11,21003011,0,0,0,0,0,0,0,0,0
111,21,003,011,12,21003011,0,0,0,0,0,0,0,0,0
111,21,003,011,13,21003011,0,0,0,0,0,0,0,0,0
111,21,003,011,17,21003011,0,0,0,0,0,0,0,0,0
111,21,003,011,18,21003011,0,0,0,0,0,0,0,0,0
111,21,003,011,19,21003011,0,0,0,0,0,0,0,0,0
111,21,003,011,20,21003011,0,0,0,0,0,0,0,0,0
111,21,003,011,21,21003011,0,0,0,0,0,0,0,0,0
111,21,003,012,09,21003012,0,0,0,0,0,0,0,0,0
111,21,003,012,10,21003012,0,0,0,0,0,0,0,0,0
111,21,003,012,11,21003012,0,0,0,0,0,0,0,0,0
111,21,003,012,12,21003012,0,0,0,0,0,0,0,0,0
111,21,003,012,13,21003012,0,0,0,0,0,0,0,0,0
111,21,003,012,17,21003012,0,0,0,0,0,0,0,0,0
111,21,003,012,18,21003012,0,0,0,0,0,0,0,0,0
111,21,003,012,19,21003012,0,0,0,0,0,0,0,0,0
111,21,003,012,20,21003012,0,0,0,0,0,0,0,0,0
111,21,003,012,21,21003012,0,0,0,0,0,0,0,0,0
111,21,003,013,09,21003013,0,0,0,0,0,0,0,0,0
111,21,003,013,10,21003013,0,0,0,0,0,0,0,0,0
111,21,003,013,11,21003013,0,0,0,0,0,0,0,0,0
111,21,003,013,12,21003013,0,0,0,0,0,0,0,0,0
111,21,003,013,13,21003013,0,0,0,0,0,0,0,0,0
111,21,003,013,17,21003013,0,0,0,0,0,0,0,0,0
111,21,003,013,18,21003013,0,0,0,0,0,0,0,0,0
111,21,003,013,19,21003013,0,0,0,0,0,0,0,0,0
111,21,003,013,20,21003013,0,0,0,0,0,0,0,0,0
111,21,003,013,21,21003013,0,0,0,0,0,0,0,0,0
111,21,003,014,09,21003014,0,0,0,0,0,0,0,0,0
111,21,003,014,10,21003014,0,0,0,0,0,0,0,0,0
111,21,003,014,11,21003014,0,0,0,0,0,0,0,0,0
111,21,003,014,12,21003014,0,0,0,0,0,0,0,0,0
111,21,003,014,13,21003014,0,0,0,0,0,0,0,0,0
111,21,003,014,17,21003014,0,0,0,0,0,0,0,0,0
111,21,003,014,18,21003014,0,0,0,0,0,0,0,0,0
111,21,003,014,19,21003014,0,0,0,0,0,0,0,0,0
111,21,003,014,20,21003014,0,0,0,0,0,0,0,0,0
111,21,003,014,21,21003014,0,0,0,0,0,0,0,0,0
111,21,003,015,09,21003015,0,0,0,0,0,0,0,0,0
111,21,003,015,10,21003015,0,0,0,0,0,0,0,0,0
111,21,003,015,11,21003015,0,0,0,0,0,0,0,0,0
111,21,003,015,12,21003015,0,0,0,0,0,0,0,0,0
111,21,003,015,13,21003015,0,0,0,0,0,0,0,0,0
111,21,003,015,17,21003015,0,0,0,0,0,0,0,0,0
111,21,003,015,18,21003015,0,0,0,0,0,0,0,0,0
111,21,003,015,19,21003015,0,0,0,0,0,0,0,0,0
111,21,003,015,20,21003015,0,0,0,0,0,0,0,0,0
111,21,003,015,21,21003015,0,0,0,0,0,0,0,0,0
111,21,003,016,09,21003016,0,0,0,0,0,0,0,0,0
111,21,003,016,10,21003016,0,0,0,0,0,0,0,0,0
111,21,003,016,11,21003016,0,0,0,0,0,0,0,0,0
111,21,003,016,12,21003016,0,0,0,0,0,0,0,0,0
111,21,003,016,13,21003016,0,0,0,0,0,0,0,0,0
111,21,003,016,17,21003016,0,0,0,0,0,0,0,0,0
111,21,003,016,18,21003016,0,0,0,0,0,0,0,0,0
111,21,003,016,19,21003016,0,0,0,0,0,0,0,0,0
111,21,003,016,20,21003016,0,0,0,0,0,0,0,0,0
111,21,003,016,21,21003016,0,0,0,0,0,0,0,0,0
111,21,003,017,09,21003017,0,0,0,0,0,0,0,0,0
111,21,003,017,10,21003017,0,0,0,0,0,0,0,0,0
111,21,003,017,11,21003017,0,0,0,0,0,0,0,0,0
111,21,003,017,12,21003017,0,0,0,0,0,0,0,0,0
111,21,003,017,13,21003017,0,0,0,0,0,0,0,0,0
111,21,003,017,17,21003017,0,0,0,0,0,0,0,0,0
111,21,003,017,18,21003017,0,0,0,0,0,0,0,0,0
111,21,003,017,19,21003017,0,0,0,0,0,0,0,0,0
111,21,003,017,20,21003017,0,0,0,0,0,0,0,0,0
111,21,003,017,21,21003017,0,0,0,0,0,0,0,0,0
111,21,003,018,09,21003018,0,0,0,0,0,0,0,0,0
111,21,003,018,10,21003018,0,0,0,0,0,0,0,0,0
111,21,003,018,11,21003018,0,0,0,0,0,0,0,0,0
111,21,003,018,12,21003018,0,0,0,0,0,0,0,0,0
111,21,003,018,13,21003018,0,0,0,0,0,0,0,0,0
111,21,003,018,17,21003018,0,0,0,0,0,0,0,0,0
111,21,003,018,18,21003018,0,0,0,0,0,0,0,0,0
111,21,003,018,19,21003018,0,0,0,0,0,0,0,0,0
111,21,003,018,20,21003018,0,0,0,0,0,0,0,0,0
111,21,003,018,21,21003018,0,0,0,0,0,0,0,0,0
111,21,003,019,09,21003019,0,0,0,0,0,0,0,0,0
111,21,003,019,10,21003019,0,0,0,0,0,0,0,0,0
111,21,003,019,11,21003019,0,0,0,0,0,0,0,0,0
111,21,003,019,12,21003019,0,0,0,0,0,0,0,0,0
111,21,003,019,13,21003019,0,0,0,0,0,0,0,0,0
111,21,003,019,17,21003019,0,0,0,0,0,0,0,0,0
111,21,003,019,18,21003019,0,0,0,0,0,0,0,0,0
111,21,003,019,19,21003019,0,0,0,0,0,0,0,0,0
111,21,003,019,20,21003019,0,0,0,0,0,0,0,0,0
111,21,003,019,21,21003019,0,0,0,0,0,0,0,0,0
111,21,003,020,09,21003020,0,0,0,0,0,0,0,0,0
111,21,003,020,10,21003020,0,0,0,0,0,0,0,0,0
111,21,003,020,11,21003020,0,0,0,0,0,0,0,0,0
111,21,003,020,12,21003020,0,0,0,0,0,0,0,0,0
111,21,003,020,13,21003020,0,0,0,0,0,0,0,0,0
111,21,003,020,17,21003020,0,0,0,0,0,0,0,0,0
111,21,003,020,18,21003020,0,0,0,0,0,0,0,0,0
111,21,003,020,19,21003020,0,0,0,0,0,0,0,0,0
111,21,003,020,20,21003020,0,0,0,0,0,0,0,0,0
111,21,003,020,21,21003020,0,0,0,0,0,0,0,0,0
111,21,003,021,09,21003021,0,0,0,0,0,0,0,0,0
111,21,003,021,10,21003021,0,0,0,0,0,0,0,0,0
111,21,003,021,11,21003021,0,0,0,0,0,0,0,0,0
111,21,003,021,12,21003021,0,0,0,0,0,0,0,0,0
111,21,003,021,13,21003021,0,0,0,0,0,0,0,0,0
111,21,003,021,17,21003021,0,0,0,0,0,0,0,0,0
111,21,003,021,18,21003021,0,0,0,0,0,0,0,0,0
111,21,003,021,19,21003021,0,0,0,0,0,0,0,0,0
111,21,003,021,20,21003021,0,0,0,0,0,0,0,0,0
111,21,003,021,21,21003021,0,0,0,0,0,0,0,0,0
111,21,003,022,09,21003022,0,0,0,0,0,0,0,0,0
111,21,003,022,10,21003022,0,0,0,0,0,0,0,0,0
111,21,003,022,11,21003022,0,0,0,0,0,0,0,0,0
111,21,003,022,12,21003022,0,0,0,0,0,0,0,0,0
111,21,003,022,13,21003022,0,0,0,0,0,0,0,0,0
111,21,003,022,17,21003022,0,0,0,0,0,0,0,0,0
111,21,003,022,18,21003022,0,0,0,0,0,0,0,0,0
111,21,003,022,19,21003022,0,0,0,0,0,0,0,0,0
111,21,003,022,20,21003022,0,0,0,0,0,0,0,0,0
111,21,003,022,21,21003022,0,0,0,0,0,0,0,0,0
111,21,003,023,09,21003023,0,0,0,0,0,0,0,0,0
111,21,003,023,10,21003023,0,0,0,0,0,0,0,0,0
111,21,003,023,11,21003023,0,0,0,0,0,0,0,0,0
111,21,003,023,12,21003023,0,0,0,0,0,0,0,0,0
111,21,003,023,13,21003023,0,0,0,0,0,0,0,0,0
111,21,003,023,17,21003023,0,0,0,0,0,0,0,0,0
111,21,003,023,18,21003023,0,0,0,0,0,0,0,0,0
111,21,003,023,19,21003023,0,0,0,0,0,0,0,0,0
111,21,003,023,20,21003023,0,0,0,0,0,0,0,0,0
111,21,003,023,21,21003023,0,0,0,0,0,0,0,0,0
111,21,003,024,09,21003024,0,0,0,0,0,0,0,0,0
111,21,003,024,10,21003024,0,0,0,0,0,0,0,0,0
111,21,003,024,11,21003024,0,0,0,0,0,0,0,0,0
111,21,003,024,12,21003024,0,0,0,0,0,0,0,0,0
111,21,003,024,13,21003024,0,0,0,0,0,0,0,0,0
111,21,003,024,17,21003024,0,0,0,0,0,0,0,0,0
111,21,003,024,18,21003024,0,0,0,0,0,0,0,0,0
111,21,003,024,19,21003024,0,0,0,0,0,0,0,0,0
111,21,003,024,20,21003024,0,0,0,0,0,0,0,0,0
111,21,003,024,21,21003024,0,0,0,0,0,0,0,0,0
111,21,003,025,09,21003025,0,0,0,0,0,0,0,0,0
111,21,003,025,10,21003025,0,0,0,0,0,0,0,0,0
111,21,003,025,11,21003025,0,0,0,0,0,0,0,0,0
111,21,003,025,12,21003025,0,0,0,0,0,0,0,0,0
111,21,003,025,13,21003025,0,0,0,0,0,0,0,0,0
111,21,003,025,17,21003025,0,0,0,0,0,0,0,0,0
111,21,003,025,18,21003025,0,0,0,0,0,0,0,0,0
111,21,003,025,19,21003025,0,0,0,0,0,0,0,0,0
111,21,003,025,20,21003025,0,0,0,0,0,0,0,0,0
111,21,003,025,21,21003025,0,0,0,0,0,0,0,0,0
111,21,003,026,09,21003026,0,0,0,0,0,0,0,0,0
111,21,003,026,10,21003026,0,0,0,0,0,0,0,0,0
111,21,003,026,11,21003026,0,0,0,0,0,0,0,0,0
111,21,003,026,12,21003026,0,0,0,0,0,0,0,0,0
111,21,003,026,13,21003026,0,0,0,0,0,0,0,0,0
111,21,003,026,17,21003026,0,0,0,0,0,0,0,0,0
111,21,003,026,18,21003026,0,0,0,0,0,0,0,0,0
111,21,003,026,19,21003026,0,0,0,0,0,0,0,0,0
111,21,003,026,20,21003026,0,0,0,0,0,0,0,0,0
111,21,003,026,21,21003026,0,0,0,0,0,0,0,0,0
111,21,003,027,09,21003027,0,0,0,0,0,0,0,0,0
111,21,003,027,10,21003027,0,0,0,0,0,0,0,0,0
111,21,003,027,11,21003027,0,0,0,0,0,0,0,0,0
111,21,003,027,12,21003027,0,0,0,0,0,0,0,0,0
111,21,003,027,13,21003027,0,0,0,0,0,0,0,0,0
111,21,003,027,17,21003027,0,0,0,0,0,0,0,0,0
111,21,003,027,18,21003027,0,0,0,0,0,0,0,0,0
111,21,003,027,19,21003027,0,0,0,0,0,0,0,0,0
111,21,003,027,20,21003027,0,0,0,0,0,0,0,0,0
111,21,003,027,21,21003027,0,0,0,0,0,0,0,0,0
111,21,003,028,09,21003028,0,0,0,0,0,0,0,0,0
111,21,003,028,10,21003028,0,0,0,0,0,0,0,0,0
111,21,003,028,11,21003028,0,0,0,0,0,0,0,0,0
111,21,003,028,12,21003028,0,0,0,0,0,0,0,0,0
111,21,003,028,13,21003028,0,0,0,0,0,0,0,0,0
111,21,003,028,17,21003028,0,0,0,0,0,0,0,0,0
111,21,003,028,18,21003028,0,0,0,0,0,0,0,0,0
111,21,003,028,19,21003028,0,0,0,0,0,0,0,0,0
111,21,003,028,20,21003028,0,0,0,0,0,0,0,0,0
111,21,003,028,21,21003028,0,0,0,0,0,0,0,0,0
111,21,003,029,09,21003029,0,0,0,0,0,0,0,0,0
111,21,003,029,10,21003029,0,0,0,0,0,0,0,0,0
111,21,003,029,11,21003029,0,0,0,0,0,0,0,0,0
111,21,003,029,12,21003029,0,0,0,0,0,0,0,0,0
111,21,003,029,13,21003029,0,0,0,0,0,0,0,0,0
111,21,003,029,17,21003029,0,0,0,0,0,0,0,0,0
111,21,003,029,18,21003029,0,0,0,0,0,0,0,0,0
111,21,003,029,19,21003029,0,0,0,0,0,0,0,0,0
111,21,003,029,20,21003029,0,0,0,0,0,0,0,0,0
111,21,003,029,21,21003029,0,0,0,0,0,0,0,0,0
111,21,003,030,09,21003030,0,0,0,0,0,0,0,0,0
111,21,003,030,10,21003030,0,0,0,0,0,0,0,0,0
111,21,003,030,11,21003030,0,0,0,0,0,0,0,0,0
111,21,003,030,12,21003030,0,0,0,0,0,0,0,0,0
111,21,003,030,13,21003030,0,0,0,0,0,0,0,0,0
111,21,003,030,17,21003030,0,0,0,0,0,0,0,0,0
111,21,003,030,18,21003030,0,0,0,0,0,0,0,0,0
111,21,003,030,19,21003030,0,0,0,0,0,0,0,0,0
111,21,003,030,20,21003030,0,0,0,0,0,0,0,0,0
111,21,003,030,21,21003030,0,0,0,0,0,0,0,0,0
111,21,003,031,09,21003031,0,0,0,0,0,0,0,0,0
111,21,003,031,10,21003031,0,0,0,0,0,0,0,0,0
111,21,003,031,11,21003031,0,0,0,0,0,0,0,0,0
111,21,003,031,12,21003031,0,0,0,0,0,0,0,0,0
111,21,003,031,13,21003031,0,0,0,0,0,0,0,0,0
111,21,003,031,17,21003031,0,0,0,0,0,0,0,0,0
111,21,003,031,18,21003031,0,0,0,0,0,0,0,0,0
111,21,003,031,19,21003031,0,0,0,0,0,0,0,0,0
111,21,003,031,20,21003031,0,0,0,0,0,0,0,0,0
111,21,003,031,21,21003031,0,0,0,0,0,0,0,0,0
111,21,003,032,09,21003032,0,0,0,0,0,0,0,0,0
111,21,003,032,10,21003032,0,0,0,0,0,0,0,0,0
111,21,003,032,11,21003032,0,0,0,0,0,0,0,0,0
111,21,003,032,12,21003032,0,0,0,0,0,0,0,0,0
111,21,003,032,13,21003032,0,0,0,0,0,0,0,0,0
111,21,003,032,17,21003032,0,0,0,0,0,0,0,0,0
111,21,003,032,18,21003032,0,0,0,0,0,0,0,0,0
111,21,003,032,19,21003032,0,0,0,0,0,0,0,0,0
111,21,003,032,20,21003032,0,0,0,0,0,0,0,0,0
111,21,003,032,21,21003032,0,0,0,0,0,0,0,0,0
111,21,003,033,09,21003033,0,0,0,0,1,0,0,0,0
111,21,003,033,10,21003033,0,0,0,0,1,0,0,0,0
111,21,003,033,11,21003033,0,0,0,0,1,0,0,0,0
111,21,003,033,12,21003033,0,0,0,0,1,0,0,0,0
111,21,003,033,13,21003033,0,0,0,0,1,0,0,0,0
111,21,003,033,17,21003033,0,0,0,0,1,0,0,0,0
111,21,003,033,18,21003033,0,0,0,0,1,0,0,0,0
111,21,003,033,19,21003033,0,0,0,0,1,0,0,0,0
111,21,003,033,20,21003033,0,0,0,0,1,0,0,0,0
111,21,003,033,21,21003033,0,0,0,0,1,0,0,0,0
111,21,004,001,09,21004001,0,0,0,0,0,0,0,0,0
111,21,004,001,10,21004001,0,0,0,0,0,0,0,0,0
111,21,004,001,11,21004001,0,0,0,0,0,0,0,0,0
111,21,004,001,12,21004001,0,0,0,0,0,0,0,0,0
111,21,004,001,13,21004001,0,0,0,0,0,0,0,0,0
111,21,004,001,17,21004001,0,0,0,0,0,0,0,0,0
111,21,004,001,18,21004001,0,0,0,0,0,0,0,0,0
111,21,004,001,19,21004001,0,0,0,0,0,0,0,0,0
111,21,004,001,20,21004001,0,0,0,0,0,0,0,0,0
111,21,004,001,21,21004001,0,0,0,0,0,0,0,0,0
111,21,004,002,09,21004002,0,0,0,0,0,0,0,0,0
111,21,004,002,10,21004002,0,0,0,0,0,0,0,0,0
111,21,004,002,11,21004002,0,0,0,0,0,0,0,0,0
111,21,004,002,12,21004002,0,0,0,0,0,0,0,0,0
111,21,004,002,13,21004002,0,0,0,0,0,0,0,0,0
111,21,004,002,17,21004002,0,0,0,0,0,0,0,0,0
111,21,004,002,18,21004002,0,0,0,0,0,0,0,0,0
111,21,004,002,19,21004002,0,0,0,0,0,0,0,0,0
111,21,004,002,20,21004002,0,0,0,0,0,0,0,0,0
111,21,004,002,21,21004002,0,0,0,0,0,0,0,0,0
111,21,004,003,09,21004003,0,0,0,0,0,0,0,0,0
111,21,004,003,10,21004003,0,0,0,0,0,0,0,0,0
111,21,004,003,11,21004003,0,0,0,0,0,0,0,0,0
111,21,004,003,12,21004003,0,0,0,0,0,0,0,0,0
111,21,004,003,13,21004003,0,0,0,0,0,0,0,0,0
111,21,004,003,17,21004003,0,0,0,0,0,0,0,0,0
111,21,004,003,18,21004003,0,0,0,0,0,0,0,0,0
111,21,004,003,19,21004003,0,0,0,0,0,0,0,0,0
111,21,004,003,20,21004003,0,0,0,0,0,0,0,0,0
111,21,004,003,21,21004003,0,0,0,0,0,0,0,0,0
111,21,004,004,09,21004004,0,0,0,0,0,0,0,0,0
111,21,004,004,10,21004004,0,0,0,0,0,0,0,0,0
111,21,004,004,11,21004004,0,0,0,0,0,0,0,0,0
111,21,004,004,12,21004004,0,0,0,0,0,0,0,0,0
111,21,004,004,13,21004004,0,0,0,0,0,0,0,0,0
111,21,004,004,17,21004004,0,0,0,0,0,0,0,0,0
111,21,004,004,18,21004004,0,0,0,0,0,0,0,0,0
111,21,004,004,19,21004004,0,0,0,0,0,0,0,0,0
111,21,004,004,20,21004004,0,0,0,0,0,0,0,0,0
111,21,004,004,21,21004004,0,0,0,0,0,0,0,0,0
111,21,004,005,09,21004005,0,0,0,0,0,0,0,0,0
111,21,004,005,10,21004005,0,0,0,0,0,0,0,0,0
111,21,004,005,11,21004005,0,0,0,0,0,0,0,0,0
111,21,004,005,12,21004005,0,0,0,0,0,0,0,0,0
111,21,004,005,13,21004005,0,0,0,0,0,0,0,0,0
111,21,004,005,17,21004005,0,0,0,0,0,0,0,0,0
111,21,004,005,18,21004005,0,0,0,0,0,0,0,0,0
111,21,004,005,19,21004005,0,0,0,0,0,0,0,0,0
111,21,004,005,20,21004005,0,0,0,0,0,0,0,0,0
111,21,004,005,21,21004005,0,0,0,0,0,0,0,0,0
111,21,004,006,09,21004006,0,0,0,0,0,0,0,0,0
111,21,004,006,10,21004006,0,0,0,0,0,0,0,0,0
111,21,004,006,11,21004006,0,0,0,0,0,0,0,0,0
111,21,004,006,12,21004006,0,0,0,0,0,0,0,0,0
111,21,004,006,13,21004006,0,0,0,0,0,0,0,0,0
111,21,004,006,17,21004006,0,0,0,0,0,0,0,0,0
111,21,004,006,18,21004006,0,0,0,0,0,0,0,0,0
111,21,004,006,19,21004006,0,0,0,0,0,0,0,0,0
111,21,004,006,20,21004006,0,0,0,0,0,0,0,0,0
111,21,004,006,21,21004006,0,0,0,0,0,0,0,0,0
111,21,004,007,09,21004007,0,0,0,0,0,0,0,0,0
111,21,004,007,10,21004007,0,0,0,0,0,0,0,0,0
111,21,004,007,11,21004007,0,0,0,0,0,0,0,0,0
111,21,004,007,12,21004007,0,0,0,0,0,0,0,0,0
111,21,004,007,13,21004007,0,0,0,0,0,0,0,0,0
111,21,004,007,17,21004007,0,0,0,0,0,0,0,0,0
111,21,004,007,18,21004007,0,0,0,0,0,0,0,0,0
111,21,004,007,19,21004007,0,0,0,0,0,0,0,0,0
111,21,004,007,20,21004007,0,0,0,0,0,0,0,0,0
111,21,004,007,21,21004007,0,0,0,0,0,0,0,0,0
111,21,004,008,09,21004008,0,0,0,0,0,0,0,0,0
111,21,004,008,10,21004008,0,0,0,0,0,0,0,0,0
111,21,004,008,11,21004008,0,0,0,0,0,0,0,0,0
111,21,004,008,12,21004008,0,0,0,0,0,0,0,0,0
111,21,004,008,13,21004008,0,0,0,0,0,0,0,0,0
111,21,004,008,17,21004008,0,0,0,0,0,0,0,0,0
111,21,004,008,18,21004008,0,0,0,0,0,0,0,0,0
111,21,004,008,19,21004008,0,0,0,0,0,0,0,0,0
111,21,004,008,20,21004008,0,0,0,0,0,0,0,0,0
111,21,004,008,21,21004008,0,0,0,0,0,0,0,0,0
111,21,004,009,09,21004009,0,0,0,0,0,0,0,0,0
111,21,004,009,10,21004009,0,0,0,0,0,0,0,0,0
111,21,004,009,11,21004009,0,0,0,0,0,0,0,0,0
111,21,004,009,12,21004009,0,0,0,0,0,0,0,0,0
111,21,004,009,13,21004009,0,0,0,0,0,0,0,0,0
111,21,004,009,17,21004009,0,0,0,0,0,0,0,0,0
111,21,004,009,18,21004009,0,0,0,0,0,0,0,0,0
111,21,004,009,19,21004009,0,0,0,0,0,0,0,0,0
111,21,004,009,20,21004009,0,0,0,0,0,0,0,0,0
111,21,004,009,21,21004009,0,0,0,0,0,0,0,0,0
111,21,004,010,09,21004010,0,0,0,0,0,0,0,0,0
111,21,004,010,10,21004010,0,0,0,0,0,0,0,0,0
111,21,004,010,11,21004010,0,0,0,0,0,0,0,0,0
111,21,004,010,12,21004010,0,0,0,0,0,0,0,0,0
111,21,004,010,13,21004010,0,0,0,0,0,0,0,0,0
111,21,004,010,17,21004010,0,0,0,0,0,0,0,0,0
111,21,004,010,18,21004010,0,0,0,0,0,0,0,0,0
111,21,004,010,19,21004010,0,0,0,0,0,0,0,0,0
111,21,004,010,20,21004010,0,0,0,0,0,0,0,0,0
111,21,004,010,21,21004010,0,0,0,0,0,0,0,0,0
111,21,004,011,09,21004011,0,0,0,0,0,0,0,0,0
111,21,004,011,10,21004011,0,0,0,0,0,0,0,0,0
111,21,004,011,11,21004011,0,0,0,0,0,0,0,0,0
111,21,004,011,12,21004011,0,0,0,0,0,0,0,0,0
111,21,004,011,13,21004011,0,0,0,0,0,0,0,0,0
111,21,004,011,17,21004011,0,0,0,0,0,0,0,0,0
111,21,004,011,18,21004011,0,0,0,0,0,0,0,0,0
111,21,004,011,19,21004011,0,0,0,0,0,0,0,0,0
111,21,004,011,20,21004011,0,0,0,0,0,0,0,0,0
111,21,004,011,21,21004011,0,0,0,0,0,0,0,0,0
111,21,004,012,09,21004012,0,0,0,0,0,0,0,0,0
111,21,004,012,10,21004012,0,0,0,0,0,0,0,0,0
111,21,004,012,11,21004012,0,0,0,0,0,0,0,0,0
111,21,004,012,12,21004012,0,0,0,0,0,0,0,0,0
111,21,004,012,13,21004012,0,0,0,0,0,0,0,0,0
111,21,004,012,17,21004012,0,0,0,0,0,0,0,0,0
111,21,004,012,18,21004012,0,0,0,0,0,0,0,0,0
111,21,004,012,19,21004012,0,0,0,0,0,0,0,0,0
111,21,004,012,20,21004012,0,0,0,0,0,0,0,0,0
111,21,004,012,21,21004012,0,0,0,0,0,0,0,0,0
111,21,004,013,09,21004013,0,0,0,0,0,0,0,0,0
111,21,004,013,10,21004013,0,0,0,0,0,0,0,0,0
111,21,004,013,11,21004013,0,0,0,0,0,0,0,0,0
111,21,004,013,12,21004013,0,0,0,0,0,0,0,0,0
111,21,004,013,13,21004013,0,0,0,0,0,0,0,0,0
111,21,004,013,17,21004013,0,0,0,0,0,0,0,0,0
111,21,004,013,18,21004013,0,0,0,0,0,0,0,0,0
111,21,004,013,19,21004013,0,0,0,0,0,0,0,0,0
111,21,004,013,20,21004013,0,0,0,0,0,0,0,0,0
111,21,004,013,21,21004013,0,0,0,0,0,0,0,0,0
111,21,004,014,09,21004014,0,0,0,0,0,0,0,0,0
111,21,004,014,10,21004014,0,0,0,0,0,0,0,0,0
111,21,004,014,11,21004014,0,0,0,0,0,0,0,0,0
111,21,004,014,12,21004014,0,0,0,0,0,0,0,0,0
111,21,004,014,13,21004014,0,0,0,0,0,0,0,0,0
111,21,004,014,17,21004014,0,0,0,0,0,0,0,0,0
111,21,004,014,18,21004014,0,0,0,0,0,0,0,0,0
111,21,004,014,19,21004014,0,0,0,0,0,0,0,0,0
111,21,004,014,20,21004014,0,0,0,0,0,0,0,0,0
111,21,004,014,21,21004014,0,0,0,0,0,0,0,0,0
111,21,004,015,09,21004015,0,0,0,0,0,0,0,0,0
111,21,004,015,10,21004015,0,0,0,0,0,0,0,0,0
111,21,004,015,11,21004015,0,0,0,0,0,0,0,0,0
111,21,004,015,12,21004015,0,0,0,0,0,0,0,0,0
111,21,004,015,13,21004015,0,0,0,0,0,0,0,0,0
111,21,004,015,17,21004015,0,0,0,0,0,0,0,0,0
111,21,004,015,18,21004015,0,0,0,0,0,0,0,0,0
111,21,004,015,19,21004015,0,0,0,0,0,0,0,0,0
111,21,004,015,20,21004015,0,0,0,0,0,0,0,0,0
111,21,004,015,21,21004015,0,0,0,0,0,0,0,0,0
111,21,004,016,09,21004016,0,0,0,0,0,0,0,0,0
111,21,004,016,10,21004016,0,0,0,0,0,0,0,0,0
111,21,004,016,11,21004016,0,0,0,0,0,0,0,0,0
111,21,004,016,12,21004016,0,0,0,0,0,0,0,0,0
111,21,004,016,13,21004016,0,0,0,0,0,0,0,0,0
111,21,004,016,17,21004016,0,0,0,0,0,0,0,0,0
111,21,004,016,18,21004016,0,0,0,0,0,0,0,0,0
111,21,004,016,19,21004016,0,0,0,0,0,0,0,0,0
111,21,004,016,20,21004016,0,0,0,0,0,0,0,0,0
111,21,004,016,21,21004016,0,0,0,0,0,0,0,0,0
111,21,004,017,09,21004017,0,0,0,0,0,0,0,0,0
111,21,004,017,10,21004017,0,0,0,0,0,0,0,0,0
111,21,004,017,11,21004017,0,0,0,0,0,0,0,0,0
111,21,004,017,12,21004017,0,0,0,0,0,0,0,0,0
111,21,004,017,13,21004017,0,0,0,0,0,0,0,0,0
111,21,004,017,17,21004017,0,0,0,0,0,0,0,0,0
111,21,004,017,18,21004017,0,0,0,0,0,0,0,0,0
111,21,004,017,19,21004017,0,0,0,0,0,0,0,0,0
111,21,004,017,20,21004017,0,0,0,0,0,0,0,0,0
111,21,004,017,21,21004017,0,0,0,0,0,0,0,0,0
111,21,004,018,09,21004018,0,0,0,0,0,0,0,0,0
111,21,004,018,10,21004018,0,0,0,0,0,0,0,0,0
111,21,004,018,11,21004018,0,0,0,0,0,0,0,0,0
111,21,004,018,12,21004018,0,0,0,0,0,0,0,0,0
111,21,004,018,13,21004018,0,0,0,0,0,0,0,0,0
111,21,004,018,17,21004018,0,0,0,0,0,0,0,0,0
111,21,004,018,18,21004018,0,0,0,0,0,0,0,0,0
111,21,004,018,19,21004018,0,0,0,0,0,0,0,0,0
111,21,004,018,20,21004018,0,0,0,0,0,0,0,0,0
111,21,004,018,21,21004018,0,0,0,0,0,0,0,0,0
111,21,004,019,09,21004019,0,0,0,0,1,0,0,0,0
111,21,004,019,10,21004019,0,0,0,0,1,0,0,0,0
111,21,004,019,11,21004019,0,0,0,0,1,0,0,0,0
111,21,004,019,12,21004019,0,0,0,0,1,0,0,0,0
111,21,004,019,13,21004019,0,0,0,0,1,0,0,0,0
111,21,004,019,17,21004019,0,0,0,0,1,0,0,0,0
111,21,004,019,18,21004019,0,0,0,0,1,0,0,0,0
111,21,004,019,19,21004019,0,0,0,0,1,0,0,0,0
111,21,004,019,20,21004019,0,0,0,0,1,0,0,0,0
111,21,004,019,21,21004019,0,0,0,0,1,0,0,0,0
111,21,004,020,09,21004020,0,0,0,0,0,0,0,0,0
111,21,004,020,10,21004020,0,0,0,0,0,0,0,0,0
111,21,004,020,11,21004020,0,0,0,0,0,0,0,0,0
111,21,004,020,12,21004020,0,0,0,0,0,0,0,0,0
111,21,004,020,13,21004020,0,0,0,0,0,0,0,0,0
111,21,004,020,17,21004020,0,0,0,0,0,0,0,0,0
111,21,004,020,18,21004020,0,0,0,0,0,0,0,0,0
111,21,004,020,19,21004020,0,0,0,0,0,0,0,0,0
111,21,004,020,20,21004020,0,0,0,0,0,0,0,0,0
111,21,004,020,21,21004020,0,0,0,0,0,0,0,0,0
111,21,004,021,09,21004021,0,0,0,0,0,0,0,0,0
111,21,004,021,10,21004021,0,0,0,0,0,0,0,0,0
111,21,004,021,11,21004021,0,0,0,0,0,0,0,0,0
111,21,004,021,12,21004021,0,0,0,0,0,0,0,0,0
111,21,004,021,13,21004021,0,0,0,0,0,0,0,0,0
111,21,004,021,17,21004021,0,0,0,0,0,0,0,0,0
111,21,004,021,18,21004021,0,0,0,0,0,0,0,0,0
111,21,004,021,19,21004021,0,0,0,0,0,0,0,0,0
111,21,004,021,20,21004021,0,0,0,0,0,0,0,0,0
111,21,004,021,21,21004021,0,0,0,0,0,0,0,0,0
111,21,004,022,09,21004022,0,0,0,0,0,0,0,0,0
111,21,004,022,10,21004022,0,0,0,0,0,0,0,0,0
111,21,004,022,11,21004022,0,0,0,0,0,0,0,0,0
111,21,004,022,12,21004022,0,0,0,0,0,0,0,0,0
111,21,004,022,13,21004022,0,0,0,0,0,0,0,0,0
111,21,004,022,17,21004022,0,0,0,0,0,0,0,0,0
111,21,004,022,18,21004022,0,0,0,0,0,0,0,0,0
111,21,004,022,19,21004022,0,0,0,0,0,0,0,0,0
111,21,004,022,20,21004022,0,0,0,0,0,0,0,0,0
111,21,004,022,21,21004022,0,0,0,0,0,0,0,0,0
111,21,004,023,09,21004023,0,0,0,0,0,0,0,0,0
111,21,004,023,10,21004023,0,0,0,0,0,0,0,0,0
111,21,004,023,11,21004023,0,0,0,0,0,0,0,0,0
111,21,004,023,12,21004023,0,0,0,0,0,0,0,0,0
111,21,004,023,13,21004023,0,0,0,0,0,0,0,0,0
111,21,004,023,17,21004023,0,0,0,0,0,0,0,0,0
111,21,004,023,18,21004023,0,0,0,0,0,0,0,0,0
111,21,004,023,19,21004023,0,0,0,0,0,0,0,0,0
111,21,004,023,20,21004023,0,0,0,0,0,0,0,0,0
111,21,004,023,21,21004023,0,0,0,0,0,0,0,0,0
111,21,004,024,09,21004024,0,0,0,0,0,0,0,0,0
111,21,004,024,10,21004024,0,0,0,0,0,0,0,0,0
111,21,004,024,11,21004024,0,0,0,0,0,0,0,0,0
111,21,004,024,12,21004024,0,0,0,0,0,0,0,0,0
111,21,004,024,13,21004024,0,0,0,0,0,0,0,0,0
111,21,004,024,17,21004024,0,0,0,0,0,0,0,0,0
111,21,004,024,18,21004024,0,0,0,0,0,0,0,0,0
111,21,004,024,19,21004024,0,0,0,0,0,0,0,0,0
111,21,004,024,20,21004024,0,0,0,0,0,0,0,0,0
111,21,004,024,21,21004024,0,0,0,0,0,0,0,0,0
111,21,004,025,09,21004025,0,0,0,0,0,0,0,0,0
111,21,004,025,10,21004025,0,0,0,0,0,0,0,0,0
111,21,004,025,11,21004025,0,0,0,0,0,0,0,0,0
111,21,004,025,12,21004025,0,0,0,0,0,0,0,0,0
111,21,004,025,13,21004025,0,0,0,0,0,0,0,0,0
111,21,004,025,17,21004025,0,0,0,0,0,0,0,0,0
111,21,004,025,18,21004025,0,0,0,0,0,0,0,0,0
111,21,004,025,19,21004025,0,0,0,0,0,0,0,0,0
111,21,004,025,20,21004025,0,0,0,0,0,0,0,0,0
111,21,004,025,21,21004025,0,0,0,0,0,0,0,0,0
111,21,004,026,09,21004026,0,0,0,0,0,0,0,0,0
111,21,004,026,10,21004026,0,0,0,0,0,0,0,0,0
111,21,004,026,11,21004026,0,0,0,0,0,0,0,0,0
111,21,004,026,12,21004026,0,0,0,0,0,0,0,0,0
111,21,004,026,13,21004026,0,0,0,0,0,0,0,0,0
111,21,004,026,17,21004026,0,0,0,0,0,0,0,0,0
111,21,004,026,18,21004026,0,0,0,0,0,0,0,0,0
111,21,004,026,19,21004026,0,0,0,0,0,0,0,0,0
111,21,004,026,20,21004026,0,0,0,0,0,0,0,0,0
111,21,004,026,21,21004026,0,0,0,0,0,0,0,0,0
111,21,004,027,09,21004027,0,0,0,0,0,0,0,0,0
111,21,004,027,10,21004027,0,0,0,0,0,0,0,0,0
111,21,004,027,11,21004027,0,0,0,0,0,0,0,0,0
111,21,004,027,12,21004027,0,0,0,0,0,0,0,0,0
111,21,004,027,13,21004027,0,0,0,0,0,0,0,0,0
111,21,004,027,17,21004027,0,0,0,0,0,0,0,0,0
111,21,004,027,18,21004027,0,0,0,0,0,0,0,0,0
111,21,004,027,19,21004027,0,0,0,0,0,0,0,0,0
111,21,004,027,20,21004027,0,0,0,0,0,0,0,0,0
111,21,004,027,21,21004027,0,0,0,0,0,0,0,0,0
111,21,004,028,09,21004028,0,0,0,0,0,0,0,0,0
111,21,004,028,10,21004028,0,0,0,0,0,0,0,0,0
111,21,004,028,11,21004028,0,0,0,0,0,0,0,0,0
111,21,004,028,12,21004028,0,0,0,0,0,0,0,0,0
111,21,004,028,13,21004028,0,0,0,0,0,0,0,0,0
111,21,004,028,17,21004028,0,0,0,0,0,0,0,0,0
111,21,004,028,18,21004028,0,0,0,0,0,0,0,0,0
111,21,004,028,19,21004028,0,0,0,0,0,0,0,0,0
111,21,004,028,20,21004028,0,0,0,0,0,0,0,0,0
111,21,004,028,21,21004028,0,0,0,0,0,0,0,0,0
111,21,004,029,09,21004029,0,0,0,0,0,0,0,0,0
111,21,004,029,10,21004029,0,0,0,0,0,0,0,0,0
111,21,004,029,11,21004029,0,0,0,0,0,0,0,0,0
111,21,004,029,12,21004029,0,0,0,0,0,0,0,0,0
111,21,004,029,13,21004029,0,0,0,0,0,0,0,0,0
111,21,004,029,17,21004029,0,0,0,0,0,0,0,0,0
111,21,004,029,18,21004029,0,0,0,0,0,0,0,0,0
111,21,004,029,19,21004029,0,0,0,0,0,0,0,0,0
111,21,004,029,20,21004029,0,0,0,0,0,0,0,0,0
111,21,004,029,21,21004029,0,0,0,0,0,0,0,0,0
111,21,004,030,09,21004030,0,0,0,0,0,0,0,0,0
111,21,004,030,10,21004030,0,0,0,0,0,0,0,0,0
111,21,004,030,11,21004030,0,0,0,0,0,0,0,0,0
111,21,004,030,12,21004030,0,0,0,0,0,0,0,0,0
111,21,004,030,13,21004030,0,0,0,0,0,0,0,0,0
111,21,004,030,17,21004030,0,0,0,0,0,0,0,0,0
111,21,004,030,18,21004030,0,0,0,0,0,0,0,0,0
111,21,004,030,19,21004030,0,0,0,0,0,0,0,0,0
111,21,004,030,20,21004030,0,0,0,0,0,0,0,0,0
111,21,004,030,21,21004030,0,0,0,0,0,0,0,0,0
111,21,004,031,09,21004031,0,0,0,0,0,0,0,0,0
111,21,004,031,10,21004031,0,0,0,0,0,0,0,0,0
111,21,004,031,11,21004031,0,0,0,0,0,0,0,0,0
111,21,004,031,12,21004031,0,0,0,0,0,0,0,0,0
111,21,004,031,13,21004031,0,0,0,0,0,0,0,0,0
111,21,004,031,17,21004031,0,0,0,0,0,0,0,0,0
111,21,004,031,18,21004031,0,0,0,0,0,0,0,0,0
111,21,004,031,19,21004031,0,0,0,0,0,0,0,0,0
111,21,004,031,20,21004031,0,0,0,0,0,0,0,0,0
111,21,004,031,21,21004031,0,0,0,0,0,0,0,0,0
111,21,004,032,09,21004032,0,0,0,0,0,0,0,0,0
111,21,004,032,10,21004032,0,0,0,0,0,0,0,0,0
111,21,004,032,11,21004032,0,0,0,0,0,0,0,0,0
111,21,004,032,12,21004032,0,0,0,0,0,0,0,0,0
111,21,004,032,13,21004032,0,0,0,0,0,0,0,0,0
111,21,004,032,17,21004032,0,0,0,0,0,0,0,0,0
111,21,004,032,18,21004032,0,0,0,0,0,0,0,0,0
111,21,004,032,19,21004032,0,0,0,0,0,0,0,0,0
111,21,004,032,20,21004032,0,0,0,0,0,0,0,0,0
111,21,004,032,21,21004032,0,0,0,0,0,0,0,0,0
111,21,004,033,09,21004033,0,0,0,0,0,0,0,0,0
111,21,004,033,10,21004033,0,0,0,0,0,0,0,0,0
111,21,004,033,11,21004033,0,0,0,0,0,0,0,0,0
111,21,004,033,12,21004033,0,0,0,0,0,0,0,0,0
111,21,004,033,13,21004033,0,0,0,0,0,0,0,0,0
111,21,004,033,17,21004033,0,0,0,0,0,0,0,0,0
111,21,004,033,18,21004033,0,0,0,0,0,0,0,0,0
111,21,004,033,19,21004033,0,0,0,0,0,0,0,0,0
111,21,004,033,20,21004033,0,0,0,0,0,0,0,0,0
111,21,004,033,21,21004033,0,0,0,0,0,0,0,0,0
111,21,004,034,09,21004034,0,0,0,0,0,0,0,0,0
111,21,004,034,10,21004034,0,0,0,0,0,0,0,0,0
111,21,004,034,11,21004034,0,0,0,0,0,0,0,0,0
111,21,004,034,12,21004034,0,0,0,0,0,0,0,0,0
111,21,004,034,13,21004034,0,0,0,0,0,0,0,0,0
111,21,004,034,17,21004034,0,0,0,0,0,0,0,0,0
111,21,004,034,18,21004034,0,0,0,0,0,0,0,0,0
111,21,004,034,19,21004034,0,0,0,0,0,0,0,0,0
111,21,004,034,20,21004034,0,0,0,0,0,0,0,0,0
111,21,004,034,21,21004034,0,0,0,0,0,0,0,0,0
111,21,004,035,09,21004035,0,0,0,0,0,0,0,0,0
111,21,004,035,10,21004035,0,0,0,0,0,0,0,0,0
111,21,004,035,11,21004035,0,0,0,0,0,0,0,0,0
111,21,004,035,12,21004035,0,0,0,0,0,0,0,0,0
111,21,004,035,13,21004035,0,0,0,0,0,0,0,0,0
111,21,004,035,17,21004035,0,0,0,0,0,0,0,0,0
111,21,004,035,18,21004035,0,0,0,0,0,0,0,0,0
111,21,004,035,19,21004035,0,0,0,0,0,0,0,0,0
111,21,004,035,20,21004035,0,0,0,0,0,0,0,0,0
111,21,004,035,21,21004035,0,0,0,0,0,0,0,0,0
111,21,004,036,09,21004036,0,0,0,0,0,0,0,0,0
111,21,004,036,10,21004036,0,0,0,0,0,0,0,0,0
111,21,004,036,11,21004036,0,0,0,0,0,0,0,0,0
111,21,004,036,12,21004036,0,0,0,0,0,0,0,0,0
111,21,004,036,13,21004036,0,0,0,0,0,0,0,0,0
111,21,004,036,17,21004036,0,0,0,0,0,0,0,0,0
111,21,004,036,18,21004036,0,0,0,0,0,0,0,0,0
111,21,004,036,19,21004036,0,0,0,0,0,0,0,0,0
111,21,004,036,20,21004036,0,0,0,0,0,0,0,0,0
111,21,004,036,21,21004036,0,0,0,0,0,0,0,0,0
111,21,004,037,09,21004037,0,0,0,0,0,0,0,0,0
111,21,004,037,10,21004037,0,0,0,0,0,0,0,0,0
111,21,004,037,11,21004037,0,0,0,0,0,0,0,0,0
111,21,004,037,12,21004037,0,0,0,0,0,0,0,0,0
111,21,004,037,13,21004037,0,0,0,0,0,0,0,0,0
111,21,004,037,17,21004037,0,0,0,0,0,0,0,0,0
111,21,004,037,18,21004037,0,0,0,0,0,0,0,0,0
111,21,004,037,19,21004037,0,0,0,0,0,0,0,0,0
111,21,004,037,20,21004037,0,0,0,0,0,0,0,0,0
111,21,004,037,21,21004037,0,0,0,0,0,0,0,0,0
111,21,004,038,09,21004038,0,0,0,0,0,0,0,0,0
111,21,004,038,10,21004038,0,0,0,0,0,0,0,0,0
111,21,004,038,11,21004038,0,0,0,0,0,0,0,0,0
111,21,004,038,12,21004038,0,0,0,0,0,0,0,0,0
111,21,004,038,13,21004038,0,0,0,0,0,0,0,0,0
111,21,004,038,17,21004038,0,0,0,0,0,0,0,0,0
111,21,004,038,18,21004038,0,0,0,0,0,0,0,0,0
111,21,004,038,19,21004038,0,0,0,0,0,0,0,0,0
111,21,004,038,20,21004038,0,0,0,0,0,0,0,0,0
111,21,004,038,21,21004038,0,0,0,0,0,0,0,0,0
111,21,004,039,09,21004039,0,0,0,0,0,0,0,0,0
111,21,004,039,10,21004039,0,0,0,0,0,0,0,0,0
111,21,004,039,11,21004039,0,0,0,0,0,0,0,0,0
111,21,004,039,12,21004039,0,0,0,0,0,0,0,0,0
111,21,004,039,13,21004039,0,0,0,0,0,0,0,0,0
111,21,004,039,17,21004039,0,0,0,0,0,0,0,0,0
111,21,004,039,18,21004039,0,0,0,0,0,0,0,0,0
111,21,004,039,19,21004039,0,0,0,0,0,0,0,0,0
111,21,004,039,20,21004039,0,0,0,0,0,0,0,0,0
111,21,004,039,21,21004039,0,0,0,0,0,0,0,0,0
111,21,004,040,09,21004040,0,0,0,0,0,0,0,0,0
111,21,004,040,10,21004040,0,0,0,0,0,0,0,0,0
111,21,004,040,11,21004040,0,0,0,0,0,0,0,0,0
111,21,004,040,12,21004040,0,0,0,0,0,0,0,0,0
111,21,004,040,13,21004040,0,0,0,0,0,0,0,0,0
111,21,004,040,17,21004040,0,0,0,0,0,0,0,0,0
111,21,004,040,18,21004040,0,0,0,0,0,0,0,0,0
111,21,004,040,19,21004040,0,0,0,0,0,0,0,0,0
111,21,004,040,20,21004040,0,0,0,0,0,0,0,0,0
111,21,004,040,21,21004040,0,0,0,0,0,0,0,0,0
111,21,004,041,09,21004041,0,0,0,0,0,0,0,0,0
111,21,004,041,10,21004041,0,0,0,0,0,0,0,0,0
111,21,004,041,11,21004041,0,0,0,0,0,0,0,0,0
111,21,004,041,12,21004041,0,0,0,0,0,0,0,0,0
111,21,004,041,13,21004041,0,0,0,0,0,0,0,0,0
111,21,004,041,17,21004041,0,0,0,0,0,0,0,0,0
111,21,004,041,18,21004041,0,0,0,0,0,0,0,0,0
111,21,004,041,19,21004041,0,0,0,0,0,0,0,0,0
111,21,004,041,20,21004041,0,0,0,0,0,0,0,0,0
111,21,004,041,21,21004041,0,0,0,0,0,0,0,0,0
111,21,004,042,09,21004042,0,0,0,0,0,0,0,0,0
111,21,004,042,10,21004042,0,0,0,0,0,0,0,0,0
111,21,004,042,11,21004042,0,0,0,0,0,0,0,0,0
111,21,004,042,12,21004042,0,0,0,0,0,0,0,0,0
111,21,004,042,13,21004042,0,0,0,0,0,0,0,0,0
111,21,004,042,17,21004042,0,0,0,0,0,0,0,0,0
111,21,004,042,18,21004042,0,0,0,0,0,0,0,0,0
111,21,004,042,19,21004042,0,0,0,0,0,0,0,0,0
111,21,004,042,20,21004042,0,0,0,0,0,0,0,0,0
111,21,004,042,21,21004042,0,0,0,0,0,0,0,0,0
111,21,004,043,09,21004043,0,0,0,0,0,0,0,0,0
111,21,004,043,10,21004043,0,0,0,0,0,0,0,0,0
111,21,004,043,11,21004043,0,0,0,0,0,0,0,0,0
111,21,004,043,12,21004043,0,0,0,0,0,0,0,0,0
111,21,004,043,13,21004043,0,0,0,0,0,0,0,0,0
111,21,004,043,17,21004043,0,0,0,0,0,0,0,0,0
111,21,004,043,18,21004043,0,0,0,0,0,0,0,0,0
111,21,004,043,19,21004043,0,0,0,0,0,0,0,0,0
111,21,004,043,20,21004043,0,0,0,0,0,0,0,0,0
111,21,004,043,21,21004043,0,0,0,0,0,0,0,0,0
111,21,004,044,09,21004044,0,0,0,0,0,0,0,0,0
111,21,004,044,10,21004044,0,0,0,0,0,0,0,0,0
111,21,004,044,11,21004044,0,0,0,0,0,0,0,0,0
111,21,004,044,12,21004044,0,0,0,0,0,0,0,0,0
111,21,004,044,13,21004044,0,0,0,0,0,0,0,0,0
111,21,004,044,17,21004044,0,0,0,0,0,0,0,0,0
111,21,004,044,18,21004044,0,0,0,0,0,0,0,0,0
111,21,004,044,19,21004044,0,0,0,0,0,0,0,0,0
111,21,004,044,20,21004044,0,0,0,0,0,0,0,0,0
111,21,004,044,21,21004044,0,0,0,0,0,0,0,0,0
111,21,004,045,09,21004045,0,0,0,0,0,0,0,0,0
111,21,004,045,10,21004045,0,0,0,0,0,0,0,0,0
111,21,004,045,11,21004045,0,0,0,0,0,0,0,0,0
111,21,004,045,12,21004045,0,0,0,0,0,0,0,0,0
111,21,004,045,13,21004045,0,0,0,0,0,0,0,0,0
111,21,004,045,17,21004045,0,0,0,0,0,0,0,0,0
111,21,004,045,18,21004045,0,0,0,0,0,0,0,0,0
111,21,004,045,19,21004045,0,0,0,0,0,0,0,0,0
111,21,004,045,20,21004045,0,0,0,0,0,0,0,0,0
111,21,004,045,21,21004045,0,0,0,0,0,0,0,0,0
111,21,004,046,09,21004046,0,0,0,0,0,0,0,0,0
111,21,004,046,10,21004046,0,0,0,0,0,0,0,0,0
111,21,004,046,11,21004046,0,0,0,0,0,0,0,0,0
111,21,004,046,12,21004046,0,0,0,0,0,0,0,0,0
111,21,004,046,13,21004046,0,0,0,0,0,0,0,0,0
111,21,004,046,17,21004046,0,0,0,0,0,0,0,0,0
111,21,004,046,18,21004046,0,0,0,0,0,0,0,0,0
111,21,004,046,19,21004046,0,0,0,0,0,0,0,0,0
111,21,004,046,20,21004046,0,0,0,0,0,0,0,0,0
111,21,004,046,21,21004046,0,0,0,0,0,0,0,0,0
111,21,004,047,09,21004047,0,0,0,0,0,0,0,0,0
111,21,004,047,10,21004047,0,0,0,0,0,0,0,0,0
111,21,004,047,11,21004047,0,0,0,0,0,0,0,0,0
111,21,004,047,12,21004047,0,0,0,0,0,0,0,0,0
111,21,004,047,13,21004047,0,0,0,0,0,0,0,0,0
111,21,004,047,17,21004047,0,0,0,0,0,0,0,0,0
111,21,004,047,18,21004047,0,0,0,0,0,0,0,0,0
111,21,004,047,19,21004047,0,0,0,0,0,0,0,0,0
111,21,004,047,20,21004047,0,0,0,0,0,0,0,0,0
111,21,004,047,21,21004047,0,0,0,0,0,0,0,0,0
111,21,004,048,09,21004048,0,0,0,0,0,0,0,0,0
111,21,004,048,10,21004048,0,0,0,0,0,0,0,0,0
111,21,004,048,11,21004048,0,0,0,0,0,0,0,0,0
111,21,004,048,12,21004048,0,0,0,0,0,0,0,0,0
111,21,004,048,13,21004048,0,0,0,0,0,0,0,0,0
111,21,004,048,17,21004048,0,0,0,0,0,0,0,0,0
111,21,004,048,18,21004048,0,0,0,0,0,0,0,0,0
111,21,004,048,19,21004048,0,0,0,0,0,0,0,0,0
111,21,004,048,20,21004048,0,0,0,0,0,0,0,0,0
111,21,004,048,21,21004048,0,0,0,0,0,0,0,0,0
111,21,004,049,09,21004049,0,0,0,0,0,0,0,0,0
111,21,004,049,10,21004049,0,0,0,0,0,0,0,0,0
111,21,004,049,11,21004049,0,0,0,0,0,0,0,0,0
111,21,004,049,12,21004049,0,0,0,0,0,0,0,0,0
111,21,004,049,13,21004049,0,0,0,0,0,0,0,0,0
111,21,004,049,17,21004049,0,0,0,0,0,0,0,0,0
111,21,004,049,18,21004049,0,0,0,0,0,0,0,0,0
111,21,004,049,19,21004049,0,0,0,0,0,0,0,0,0
111,21,004,049,20,21004049,0,0,0,0,0,0,0,0,0
111,21,004,049,21,21004049,0,0,0,0,0,0,0,0,0
111,21,004,050,09,21004050,0,0,0,0,0,0,0,0,0
111,21,004,050,10,21004050,0,0,0,0,0,0,0,0,0
111,21,004,050,11,21004050,0,0,0,0,0,0,0,0,0
111,21,004,050,12,21004050,0,0,0,0,0,0,0,0,0
111,21,004,050,13,21004050,0,0,0,0,0,0,0,0,0
111,21,004,050,17,21004050,0,0,0,0,0,0,0,0,0
111,21,004,050,18,21004050,0,0,0,0,0,0,0,0,0
111,21,004,050,19,21004050,0,0,0,0,0,0,0,0,0
111,21,004,050,20,21004050,0,0,0,0,0,0,0,0,0
111,21,004,050,21,21004050,0,0,0,0,0,0,0,0,0
111,21,004,051,09,21004051,0,0,0,0,0,0,0,0,0
111,21,004,051,10,21004051,0,0,0,0,0,0,0,0,0
111,21,004,051,11,21004051,0,0,0,0,0,0,0,0,0
111,21,004,051,12,21004051,0,0,0,0,0,0,0,0,0
111,21,004,051,13,21004051,0,0,0,0,0,0,0,0,0
111,21,004,051,17,21004051,0,0,0,0,0,0,0,0,0
111,21,004,051,18,21004051,0,0,0,0,0,0,0,0,0
111,21,004,051,19,21004051,0,0,0,0,0,0,0,0,0
111,21,004,051,20,21004051,0,0,0,0,0,0,0,0,0
111,21,004,051,21,21004051,0,0,0,0,0,0,0,0,0
111,21,004,052,09,21004052,0,0,0,0,0,0,0,0,0
111,21,004,052,10,21004052,0,0,0,0,0,0,0,0,0
111,21,004,052,11,21004052,0,0,0,0,0,0,0,0,0
111,21,004,052,12,21004052,0,0,0,0,0,0,0,0,0
111,21,004,052,13,21004052,0,0,0,0,0,0,0,0,0
111,21,004,052,17,21004052,0,0,0,0,0,0,0,0,0
111,21,004,052,18,21004052,0,0,0,0,0,0,0,0,0
111,21,004,052,19,21004052,0,0,0,0,0,0,0,0,0
111,21,004,052,20,21004052,0,0,0,0,0,0,0,0,0
111,21,004,052,21,21004052,0,0,0,0,0,0,0,0,0
111,21,004,053,09,21004053,0,0,0,0,0,0,0,0,0
111,21,004,053,10,21004053,0,0,0,0,0,0,0,0,0
111,21,004,053,11,21004053,0,0,0,0,0,0,0,0,0
111,21,004,053,12,21004053,0,0,0,0,0,0,0,0,0
111,21,004,053,13,21004053,0,0,0,0,0,0,0,0,0
111,21,004,053,17,21004053,0,0,0,0,0,0,0,0,0
111,21,004,053,18,21004053,0,0,0,0,0,0,0,0,0
111,21,004,053,19,21004053,0,0,0,0,0,0,0,0,0
111,21,004,053,20,21004053,0,0,0,0,0,0,0,0,0
111,21,004,053,21,21004053,0,0,0,0,0,0,0,0,0
111,21,004,054,09,21004054,0,0,0,0,0,0,0,0,0
111,21,004,054,10,21004054,0,0,0,0,0,0,0,0,0
111,21,004,054,11,21004054,0,0,0,0,0,0,0,0,0
111,21,004,054,12,21004054,0,0,0,0,0,0,0,0,0
111,21,004,054,13,21004054,0,0,0,0,0,0,0,0,0
111,21,004,054,17,21004054,0,0,0,0,0,0,0,0,0
111,21,004,054,18,21004054,0,0,0,0,0,0,0,0,0
111,21,004,054,19,21004054,0,0,0,0,0,0,0,0,0
111,21,004,054,20,21004054,0,0,0,0,0,0,0,0,0
111,21,004,054,21,21004054,0,0,0,0,0,0,0,0,0
111,21,004,055,09,21004055,0,0,0,0,0,0,0,0,0
111,21,004,055,10,21004055,0,0,0,0,0,0,0,0,0
111,21,004,055,11,21004055,0,0,0,0,0,0,0,0,0
111,21,004,055,12,21004055,0,0,0,0,0,0,0,0,0
111,21,004,055,13,21004055,0,0,0,0,0,0,0,0,0
111,21,004,055,17,21004055,0,0,0,0,0,0,0,0,0
111,21,004,055,18,21004055,0,0,0,0,0,0,0,0,0
111,21,004,055,19,21004055,0,0,0,0,0,0,0,0,0
111,21,004,055,20,21004055,0,0,0,0,0,0,0,0,0
111,21,004,055,21,21004055,0,0,0,0,0,0,0,0,0
111,21,004,056,09,21004056,0,0,0,0,0,0,0,0,0
111,21,004,056,10,21004056,0,0,0,0,0,0,0,0,0
111,21,004,056,11,21004056,0,0,0,0,0,0,0,0,0
111,21,004,056,12,21004056,0,0,0,0,0,0,0,0,0
111,21,004,056,13,21004056,0,0,0,0,0,0,0,0,0
111,21,004,056,17,21004056,0,0,0,0,0,0,0,0,0
111,21,004,056,18,21004056,0,0,0,0,0,0,0,0,0
111,21,004,056,19,21004056,0,0,0,0,0,0,0,0,0
111,21,004,056,20,21004056,0,0,0,0,0,0,0,0,0
111,21,004,056,21,21004056,0,0,0,0,0,0,0,0,0
111,21,004,057,09,21004057,0,0,0,0,0,0,0,0,0
111,21,004,057,10,21004057,0,0,0,0,0,0,0,0,0
111,21,004,057,11,21004057,0,0,0,0,0,0,0,0,0
111,21,004,057,12,21004057,0,0,0,0,0,0,0,0,0
111,21,004,057,13,21004057,0,0,0,0,0,0,0,0,0
111,21,004,057,17,21004057,0,0,0,0,0,0,0,0,0
111,21,004,057,18,21004057,0,0,0,0,0,0,0,0,0
111,21,004,057,19,21004057,0,0,0,0,0,0,0,0,0
111,21,004,057,20,21004057,0,0,0,0,0,0,0,0,0
111,21,004,057,21,21004057,0,0,0,0,0,0,0,0,0
111,21,004,058,09,21004058,0,0,0,0,0,0,0,0,0
111,21,004,058,10,21004058,0,0,0,0,0,0,0,0,0
111,21,004,058,11,21004058,0,0,0,0,0,0,0,0,0
111,21,004,058,12,21004058,0,0,0,0,0,0,0,0,0
111,21,004,058,13,21004058,0,0,0,0,0,0,0,0,0
111,21,004,058,17,21004058,0,0,0,0,0,0,0,0,0
111,21,004,058,18,21004058,0,0,0,0,0,0,0,0,0
111,21,004,058,19,21004058,0,0,0,0,0,0,0,0,0
111,21,004,058,20,21004058,0,0,0,0,0,0,0,0,0
111,21,004,058,21,21004058,0,0,0,0,0,0,0,0,0
111,21,004,059,09,21004059,0,0,0,0,0,0,0,0,0
111,21,004,059,10,21004059,0,0,0,0,0,0,0,0,0
111,21,004,059,11,21004059,0,0,0,0,0,0,0,0,0
111,21,004,059,12,21004059,0,0,0,0,0,0,0,0,0
111,21,004,059,13,21004059,0,0,0,0,0,0,0,0,0
111,21,004,059,17,21004059,0,0,0,0,0,0,0,0,0
111,21,004,059,18,21004059,0,0,0,0,0,0,0,0,0
111,21,004,059,19,21004059,0,0,0,0,0,0,0,0,0
111,21,004,059,20,21004059,0,0,0,0,0,0,0,0,0
111,21,004,059,21,21004059,0,0,0,0,0,0,0,0,0
111,21,005,001,09,21005001,0,0,0,0,0,0,0,0,0
111,21,005,001,10,21005001,0,0,0,0,0,0,0,0,0
111,21,005,001,11,21005001,0,0,0,0,0,0,0,0,0
111,21,005,001,12,21005001,0,0,0,0,0,0,0,0,0
111,21,005,001,13,21005001,0,0,0,0,0,0,0,0,0
111,21,005,001,17,21005001,0,0,0,0,0,0,0,0,0
111,21,005,001,18,21005001,0,0,0,0,0,0,0,0,0
111,21,005,001,19,21005001,0,0,0,0,0,0,0,0,0
111,21,005,001,20,21005001,0,0,0,0,0,0,0,0,0
111,21,005,001,21,21005001,0,0,0,0,0,0,0,0,0
111,21,005,002,09,21005002,0,0,0,0,0,0,0,0,0
111,21,005,002,10,21005002,0,0,0,0,0,0,0,0,0
111,21,005,002,11,21005002,0,0,0,0,0,0,0,0,0
111,21,005,002,12,21005002,0,0,0,0,0,0,0,0,0
111,21,005,002,13,21005002,0,0,0,0,0,0,0,0,0
111,21,005,002,17,21005002,0,0,0,0,0,0,0,0,0
111,21,005,002,18,21005002,0,0,0,0,0,0,0,0,0
111,21,005,002,19,21005002,0,0,0,0,0,0,0,0,0
111,21,005,002,20,21005002,0,0,0,0,0,0,0,0,0
111,21,005,002,21,21005002,0,0,0,0,0,0,0,0,0
111,21,005,003,09,21005003,0,0,0,0,0,0,0,0,0
111,21,005,003,10,21005003,0,0,0,0,0,0,0,0,0
111,21,005,003,11,21005003,0,0,0,0,0,0,0,0,0
111,21,005,003,12,21005003,0,0,0,0,0,0,0,0,0
111,21,005,003,13,21005003,0,0,0,0,0,0,0,0,0
111,21,005,003,17,21005003,0,0,0,0,0,0,0,0,0
111,21,005,003,18,21005003,0,0,0,0,0,0,0,0,0
111,21,005,003,19,21005003,0,0,0,0,0,0,0,0,0
111,21,005,003,20,21005003,0,0,0,0,0,0,0,0,0
111,21,005,003,21,21005003,0,0,0,0,0,0,0,0,0
111,21,005,004,09,21005004,0,0,0,0,0,0,0,0,0
111,21,005,004,10,21005004,0,0,0,0,0,0,0,0,0
111,21,005,004,11,21005004,0,0,0,0,0,0,0,0,0
111,21,005,004,12,21005004,0,0,0,0,0,0,0,0,0
111,21,005,004,13,21005004,0,0,0,0,0,0,0,0,0
111,21,005,004,17,21005004,0,0,0,0,0,0,0,0,0
111,21,005,004,18,21005004,0,0,0,0,0,0,0,0,0
111,21,005,004,19,21005004,0,0,0,0,0,0,0,0,0
111,21,005,004,20,21005004,0,0,0,0,0,0,0,0,0
111,21,005,004,21,21005004,0,0,0,0,0,0,0,0,0
111,21,005,005,09,21005005,0,0,0,0,0,0,0,0,0
111,21,005,005,10,21005005,0,0,0,0,0,0,0,0,0
111,21,005,005,11,21005005,0,0,0,0,0,0,0,0,0
111,21,005,005,12,21005005,0,0,0,0,0,0,0,0,0
111,21,005,005,13,21005005,0,0,0,0,0,0,0,0,0
111,21,005,005,17,21005005,0,0,0,0,0,0,0,0,0
111,21,005,005,18,21005005,0,0,0,0,0,0,0,0,0
111,21,005,005,19,21005005,0,0,0,0,0,0,0,0,0
111,21,005,005,20,21005005,0,0,0,0,0,0,0,0,0
111,21,005,005,21,21005005,0,0,0,0,0,0,0,0,0
111,21,005,006,09,21005006,0,0,0,0,0,0,0,0,0
111,21,005,006,10,21005006,0,0,0,0,0,0,0,0,0
111,21,005,006,11,21005006,0,0,0,0,0,0,0,0,0
111,21,005,006,12,21005006,0,0,0,0,0,0,0,0,0
111,21,005,006,13,21005006,0,0,0,0,0,0,0,0,0
111,21,005,006,17,21005006,0,0,0,0,0,0,0,0,0
111,21,005,006,18,21005006,0,0,0,0,0,0,0,0,0
111,21,005,006,19,21005006,0,0,0,0,0,0,0,0,0
111,21,005,006,20,21005006,0,0,0,0,0,0,0,0,0
111,21,005,006,21,21005006,0,0,0,0,0,0,0,0,0
111,21,005,007,09,21005007,0,0,0,0,0,0,0,0,0
111,21,005,007,10,21005007,0,0,0,0,0,0,0,0,0
111,21,005,007,11,21005007,0,0,0,0,0,0,0,0,0
111,21,005,007,12,21005007,0,0,0,0,0,0,0,0,0
111,21,005,007,13,21005007,0,0,0,0,0,0,0,0,0
111,21,005,007,17,21005007,0,0,0,0,0,0,0,0,0
111,21,005,007,18,21005007,0,0,0,0,0,0,0,0,0
111,21,005,007,19,21005007,0,0,0,0,0,0,0,0,0
111,21,005,007,20,21005007,0,0,0,0,0,0,0,0,0
111,21,005,007,21,21005007,0,0,0,0,0,0,0,0,0
111,21,005,008,09,21005008,0,0,0,0,0,0,0,0,0
111,21,005,008,10,21005008,0,0,0,0,0,0,0,0,0
111,21,005,008,11,21005008,0,0,0,0,0,0,0,0,0
111,21,005,008,12,21005008,0,0,0,0,0,0,0,0,0
111,21,005,008,13,21005008,0,0,0,0,0,0,0,0,0
111,21,005,008,17,21005008,0,0,0,0,0,0,0,0,0
111,21,005,008,18,21005008,0,0,0,0,0,0,0,0,0
111,21,005,008,19,21005008,0,0,0,0,0,0,0,0,0
111,21,005,008,20,21005008,0,0,0,0,0,0,0,0,0
111,21,005,008,21,21005008,0,0,0,0,0,0,0,0,0
111,21,005,009,09,21005009,0,0,0,0,0,0,0,0,0
111,21,005,009,10,21005009,0,0,0,0,0,0,0,0,0
111,21,005,009,11,21005009,0,0,0,0,0,0,0,0,0
111,21,005,009,12,21005009,0,0,0,0,0,0,0,0,0
111,21,005,009,13,21005009,0,0,0,0,0,0,0,0,0
111,21,005,009,17,21005009,0,0,0,0,0,0,0,0,0
111,21,005,009,18,21005009,0,0,0,0,0,0,0,0,0
111,21,005,009,19,21005009,0,0,0,0,0,0,0,0,0
111,21,005,009,20,21005009,0,0,0,0,0,0,0,0,0
111,21,005,009,21,21005009,0,0,0,0,0,0,0,0,0
111,21,005,010,09,21005010,0,0,0,0,0,0,0,0,0
111,21,005,010,10,21005010,0,0,0,0,0,0,0,0,0
111,21,005,010,11,21005010,0,0,0,0,0,0,0,0,0
111,21,005,010,12,21005010,0,0,0,0,0,0,0,0,0
111,21,005,010,13,21005010,0,0,0,0,0,0,0,0,0
111,21,005,010,17,21005010,0,0,0,0,0,0,0,0,0
111,21,005,010,18,21005010,0,0,0,0,0,0,0,0,0
111,21,005,010,19,21005010,0,0,0,0,0,0,0,0,0
111,21,005,010,20,21005010,0,0,0,0,0,0,0,0,0
111,21,005,010,21,21005010,0,0,0,0,0,0,0,0,0
111,21,005,011,09,21005011,0,0,0,0,0,0,0,0,0
111,21,005,011,10,21005011,0,0,0,0,0,0,0,0,0
111,21,005,011,11,21005011,0,0,0,0,0,0,0,0,0
111,21,005,011,12,21005011,0,0,0,0,0,0,0,0,0
111,21,005,011,13,21005011,0,0,0,0,0,0,0,0,0
111,21,005,011,17,21005011,0,0,0,0,0,0,0,0,0
111,21,005,011,18,21005011,0,0,0,0,0,0,0,0,0
111,21,005,011,19,21005011,0,0,0,0,0,0,0,0,0
111,21,005,011,20,21005011,0,0,0,0,0,0,0,0,0
111,21,005,011,21,21005011,0,0,0,0,0,0,0,0,0
111,21,005,012,09,21005012,0,0,0,0,0,0,0,0,0
111,21,005,012,10,21005012,0,0,0,0,0,0,0,0,0
111,21,005,012,11,21005012,0,0,0,0,0,0,0,0,0
111,21,005,012,12,21005012,0,0,0,0,0,0,0,0,0
111,21,005,012,13,21005012,0,0,0,0,0,0,0,0,0
111,21,005,012,17,21005012,0,0,0,0,0,0,0,0,0
111,21,005,012,18,21005012,0,0,0,0,0,0,0,0,0
111,21,005,012,19,21005012,0,0,0,0,0,0,0,0,0
111,21,005,012,20,21005012,0,0,0,0,0,0,0,0,0
111,21,005,012,21,21005012,0,0,0,0,0,0,0,0,0
111,21,005,013,09,21005013,0,0,0,0,0,0,0,0,0
111,21,005,013,10,21005013,0,0,0,0,0,0,0,0,0
111,21,005,013,11,21005013,0,0,0,0,0,0,0,0,0
111,21,005,013,12,21005013,0,0,0,0,0,0,0,0,0
111,21,005,013,13,21005013,0,0,0,0,0,0,0,0,0
111,21,005,013,17,21005013,0,0,0,0,0,0,0,0,0
111,21,005,013,18,21005013,0,0,0,0,0,0,0,0,0
111,21,005,013,19,21005013,0,0,0,0,0,0,0,0,0
111,21,005,013,20,21005013,0,0,0,0,0,0,0,0,0
111,21,005,013,21,21005013,0,0,0,0,0,0,0,0,0
111,21,005,014,09,21005014,0,0,0,0,0,0,0,0,0
111,21,005,014,10,21005014,0,0,0,0,0,0,0,0,0
111,21,005,014,11,21005014,0,0,0,0,0,0,0,0,0
111,21,005,014,12,21005014,0,0,0,0,0,0,0,0,0
111,21,005,014,13,21005014,0,0,0,0,0,0,0,0,0
111,21,005,014,17,21005014,0,0,0,0,0,0,0,0,0
111,21,005,014,18,21005014,0,0,0,0,0,0,0,0,0
111,21,005,014,19,21005014,0,0,0,0,0,0,0,0,0
111,21,005,014,20,21005014,0,0,0,0,0,0,0,0,0
111,21,005,014,21,21005014,0,0,0,0,0,0,0,0,0
111,21,005,015,09,21005015,0,0,0,0,0,0,0,0,0
111,21,005,015,10,21005015,0,0,0,0,0,0,0,0,0
111,21,005,015,11,21005015,0,0,0,0,0,0,0,0,0
111,21,005,015,12,21005015,0,0,0,0,0,0,0,0,0
111,21,005,015,13,21005015,0,0,0,0,0,0,0,0,0
111,21,005,015,17,21005015,0,0,0,0,0,0,0,0,0
111,21,005,015,18,21005015,0,0,0,0,0,0,0,0,0
111,21,005,015,19,21005015,0,0,0,0,0,0,0,0,0
111,21,005,015,20,21005015,0,0,0,0,0,0,0,0,0
111,21,005,015,21,21005015,0,0,0,0,0,0,0,0,0
111,21,005,016,09,21005016,0,0,0,0,0,0,0,0,0
111,21,005,016,10,21005016,0,0,0,0,0,0,0,0,0
111,21,005,016,11,21005016,0,0,0,0,0,0,0,0,0
111,21,005,016,12,21005016,0,0,0,0,0,0,0,0,0
111,21,005,016,13,21005016,0,0,0,0,0,0,0,0,0
111,21,005,016,17,21005016,0,0,0,0,0,0,0,0,0
111,21,005,016,18,21005016,0,0,0,0,0,0,0,0,0
111,21,005,016,19,21005016,0,0,0,0,0,0,0,0,0
111,21,005,016,20,21005016,0,0,0,0,0,0,0,0,0
111,21,005,016,21,21005016,0,0,0,0,0,0,0,0,0
111,21,005,017,09,21005017,0,0,0,0,0,0,0,0,0
111,21,005,017,10,21005017,0,0,0,0,0,0,0,0,0
111,21,005,017,11,21005017,0,0,0,0,0,0,0,0,0
111,21,005,017,12,21005017,0,0,0,0,0,0,0,0,0
111,21,005,017,13,21005017,0,0,0,0,0,0,0,0,0
111,21,005,017,17,21005017,0,0,0,0,0,0,0,0,0
111,21,005,017,18,21005017,0,0,0,0,0,0,0,0,0
111,21,005,017,19,21005017,0,0,0,0,0,0,0,0,0
111,21,005,017,20,21005017,0,0,0,0,0,0,0,0,0
111,21,005,017,21,21005017,0,0,0,0,0,0,0,0,0
111,21,005,018,09,21005018,0,0,0,0,0,0,0,0,0
111,21,005,018,10,21005018,0,0,0,0,0,0,0,0,0
111,21,005,018,11,21005018,0,0,0,0,0,0,0,0,0
111,21,005,018,12,21005018,0,0,0,0,0,0,0,0,0
111,21,005,018,13,21005018,0,0,0,0,0,0,0,0,0
111,21,005,018,17,21005018,0,0,0,0,0,0,0,0,0
111,21,005,018,18,21005018,0,0,0,0,0,0,0,0,0
111,21,005,018,19,21005018,0,0,0,0,0,0,0,0,0
111,21,005,018,20,21005018,0,0,0,0,0,0,0,0,0
111,21,005,018,21,21005018,0,0,0,0,0,0,0,0,0
111,21,005,019,09,21005019,0,0,0,0,0,0,0,0,0
111,21,005,019,10,21005019,0,0,0,0,0,0,0,0,0
111,21,005,019,11,21005019,0,0,0,0,0,0,0,0,0
111,21,005,019,12,21005019,0,0,0,0,0,0,0,0,0
111,21,005,019,13,21005019,0,0,0,0,0,0,0,0,0
111,21,005,019,17,21005019,0,0,0,0,0,0,0,0,0
111,21,005,019,18,21005019,0,0,0,0,0,0,0,0,0
111,21,005,019,19,21005019,0,0,0,0,0,0,0,0,0
111,21,005,019,20,21005019,0,0,0,0,0,0,0,0,0
111,21,005,019,21,21005019,0,0,0,0,0,0,0,0,0
111,21,005,020,09,21005020,0,0,0,0,0,0,0,0,0
111,21,005,020,10,21005020,0,0,0,0,0,0,0,0,0
111,21,005,020,11,21005020,0,0,0,0,0,0,0,0,0
111,21,005,020,12,21005020,0,0,0,0,0,0,0,0,0
111,21,005,020,13,21005020,0,0,0,0,0,0,0,0,0
111,21,005,020,17,21005020,0,0,0,0,0,0,0,0,0
111,21,005,020,18,21005020,0,0,0,0,0,0,0,0,0
111,21,005,020,19,21005020,0,0,0,0,0,0,0,0,0
111,21,005,020,20,21005020,0,0,0,0,0,0,0,0,0
111,21,005,020,21,21005020,0,0,0,0,0,0,0,0,0
111,21,005,021,09,21005021,0,0,0,0,0,0,0,0,0
111,21,005,021,10,21005021,0,0,0,0,0,0,0,0,0
111,21,005,021,11,21005021,0,0,0,0,0,0,0,0,0
111,21,005,021,12,21005021,0,0,0,0,0,0,0,0,0
111,21,005,021,13,21005021,0,0,0,0,0,0,0,0,0
111,21,005,021,17,21005021,0,0,0,0,0,0,0,0,0
111,21,005,021,18,21005021,0,0,0,0,0,0,0,0,0
111,21,005,021,19,21005021,0,0,0,0,0,0,0,0,0
111,21,005,021,20,21005021,0,0,0,0,0,0,0,0,0
111,21,005,021,21,21005021,0,0,0,0,0,0,0,0,0
111,21,005,022,09,21005022,0,0,0,0,0,0,0,0,0
111,21,005,022,10,21005022,0,0,0,0,0,0,0,0,0
111,21,005,022,11,21005022,0,0,0,0,0,0,0,0,0
111,21,005,022,12,21005022,0,0,0,0,0,0,0,0,0
111,21,005,022,13,21005022,0,0,0,0,0,0,0,0,0
111,21,005,022,17,21005022,0,0,0,0,0,0,0,0,0
111,21,005,022,18,21005022,0,0,0,0,0,0,0,0,0
111,21,005,022,19,21005022,0,0,0,0,0,0,0,0,0
111,21,005,022,20,21005022,0,0,0,0,0,0,0,0,0
111,21,005,022,21,21005022,0,0,0,0,0,0,0,0,0
111,21,005,023,09,21005023,0,0,0,0,0,0,0,0,0
111,21,005,023,10,21005023,0,0,0,0,0,0,0,0,0
111,21,005,023,11,21005023,0,0,0,0,0,0,0,0,0
111,21,005,023,12,21005023,0,0,0,0,0,0,0,0,0
111,21,005,023,13,21005023,0,0,0,0,0,0,0,0,0
111,21,005,023,17,21005023,0,0,0,0,0,0,0,0,0
111,21,005,023,18,21005023,0,0,0,0,0,0,0,0,0
111,21,005,023,19,21005023,0,0,0,0,0,0,0,0,0
111,21,005,023,20,21005023,0,0,0,0,0,0,0,0,0
111,21,005,023,21,21005023,0,0,0,0,0,0,0,0,0
111,21,005,024,09,21005024,0,0,0,0,0,0,0,0,0
111,21,005,024,10,21005024,0,0,0,0,0,0,0,0,0
111,21,005,024,11,21005024,0,0,0,0,0,0,0,0,0
111,21,005,024,12,21005024,0,0,0,0,0,0,0,0,0
111,21,005,024,13,21005024,0,0,0,0,0,0,0,0,0
111,21,005,024,17,21005024,0,0,0,0,0,0,0,0,0
111,21,005,024,18,21005024,0,0,0,0,0,0,0,0,0
111,21,005,024,19,21005024,0,0,0,0,0,0,0,0,0
111,21,005,024,20,21005024,0,0,0,0,0,0,0,0,0
111,21,005,024,21,21005024,0,0,0,0,0,0,0,0,0
111,21,005,025,09,21005025,0,0,0,0,0,0,0,0,0
111,21,005,025,10,21005025,0,0,0,0,0,0,0,0,0
111,21,005,025,11,21005025,0,0,0,0,0,0,0,0,0
111,21,005,025,12,21005025,0,0,0,0,0,0,0,0,0
111,21,005,025,13,21005025,0,0,0,0,0,0,0,0,0
111,21,005,025,17,21005025,0,0,0,0,0,0,0,0,0
111,21,005,025,18,21005025,0,0,0,0,0,0,0,0,0
111,21,005,025,19,21005025,0,0,0,0,0,0,0,0,0
111,21,005,025,20,21005025,0,0,0,0,0,0,0,0,0
111,21,005,025,21,21005025,0,0,0,0,0,0,0,0,0
111,21,005,026,09,21005026,0,0,0,0,0,0,0,0,0
111,21,005,026,10,21005026,0,0,0,0,0,0,0,0,0
111,21,005,026,11,21005026,0,0,0,0,0,0,0,0,0
111,21,005,026,12,21005026,0,0,0,0,0,0,0,0,0
111,21,005,026,13,21005026,0,0,0,0,0,0,0,0,0
111,21,005,026,17,21005026,0,0,0,0,0,0,0,0,0
111,21,005,026,18,21005026,0,0,0,0,0,0,0,0,0
111,21,005,026,19,21005026,0,0,0,0,0,0,0,0,0
111,21,005,026,20,21005026,0,0,0,0,0,0,0,0,0
111,21,005,026,21,21005026,0,0,0,0,0,0,0,0,0
111,21,005,027,09,21005027,0,0,0,0,0,0,0,0,0
111,21,005,027,10,21005027,0,0,0,0,0,0,0,0,0
111,21,005,027,11,21005027,0,0,0,0,0,0,0,0,0
111,21,005,027,12,21005027,0,0,0,0,0,0,0,0,0
111,21,005,027,13,21005027,0,0,0,0,0,0,0,0,0
111,21,005,027,17,21005027,0,0,0,0,0,0,0,0,0
111,21,005,027,18,21005027,0,0,0,0,0,0,0,0,0
111,21,005,027,19,21005027,0,0,0,0,0,0,0,0,0
111,21,005,027,20,21005027,0,0,0,0,0,0,0,0,0
111,21,005,027,21,21005027,0,0,0,0,0,0,0,0,0
111,21,005,028,09,21005028,0,0,0,0,0,0,0,0,0
111,21,005,028,10,21005028,0,0,0,0,0,0,0,0,0
111,21,005,028,11,21005028,0,0,0,0,0,0,0,0,0
111,21,005,028,12,21005028,0,0,0,0,0,0,0,0,0
111,21,005,028,13,21005028,0,0,0,0,0,0,0,0,0
111,21,005,028,17,21005028,0,0,0,0,0,0,0,0,0
111,21,005,028,18,21005028,0,0,0,0,0,0,0,0,0
111,21,005,028,19,21005028,0,0,0,0,0,0,0,0,0
111,21,005,028,20,21005028,0,0,0,0,0,0,0,0,0
111,21,005,028,21,21005028,0,0,0,0,0,0,0,0,0
111,21,005,029,09,21005029,0,0,0,0,0,0,0,0,0
111,21,005,029,10,21005029,0,0,0,0,0,0,0,0,0
111,21,005,029,11,21005029,0,0,0,0,0,0,0,0,0
111,21,005,029,12,21005029,0,0,0,0,0,0,0,0,0
111,21,005,029,13,21005029,0,0,0,0,0,0,0,0,0
111,21,005,029,17,21005029,0,0,0,0,0,0,0,0,0
111,21,005,029,18,21005029,0,0,0,0,0,0,0,0,0
111,21,005,029,19,21005029,0,0,0,0,0,0,0,0,0
111,21,005,029,20,21005029,0,0,0,0,0,0,0,0,0
111,21,005,029,21,21005029,0,0,0,0,0,0,0,0,0
111,21,005,030,09,21005030,0,0,0,0,0,0,0,0,0
111,21,005,030,10,21005030,0,0,0,0,0,0,0,0,0
111,21,005,030,11,21005030,0,0,0,0,0,0,0,0,0
111,21,005,030,12,21005030,0,0,0,0,0,0,0,0,0
111,21,005,030,13,21005030,0,0,0,0,0,0,0,0,0
111,21,005,030,17,21005030,0,0,0,0,0,0,0,0,0
111,21,005,030,18,21005030,0,0,0,0,0,0,0,0,0
111,21,005,030,19,21005030,0,0,0,0,0,0,0,0,0
111,21,005,030,20,21005030,0,0,0,0,0,0,0,0,0
111,21,005,030,21,21005030,0,0,0,0,0,0,0,0,0
111,21,005,031,09,21005031,0,0,0,0,0,0,0,0,0
111,21,005,031,10,21005031,0,0,0,0,0,0,0,0,0
111,21,005,031,11,21005031,0,0,0,0,0,0,0,0,0
111,21,005,031,12,21005031,0,0,0,0,0,0,0,0,0
111,21,005,031,13,21005031,0,0,0,0,0,0,0,0,0
111,21,005,031,17,21005031,0,0,0,0,0,0,0,0,0
111,21,005,031,18,21005031,0,0,0,0,0,0,0,0,0
111,21,005,031,19,21005031,0,0,0,0,0,0,0,0,0
111,21,005,031,20,21005031,0,0,0,0,0,0,0,0,0
111,21,005,031,21,21005031,0,0,0,0,0,0,0,0,0
111,21,005,032,09,21005032,0,0,0,0,0,0,0,0,0
111,21,005,032,10,21005032,0,0,0,0,0,0,0,0,0
111,21,005,032,11,21005032,0,0,0,0,0,0,0,0,0
111,21,005,032,12,21005032,0,0,0,0,0,0,0,0,0
111,21,005,032,13,21005032,0,0,0,0,0,0,0,0,0
111,21,005,032,17,21005032,0,0,0,0,0,0,0,0,0
111,21,005,032,18,21005032,0,0,0,0,0,0,0,0,0
111,21,005,032,19,21005032,0,0,0,0,0,0,0,0,0
111,21,005,032,20,21005032,0,0,0,0,0,0,0,0,0
111,21,005,032,21,21005032,0,0,0,0,0,0,0,0,0
111,21,005,033,09,21005033,0,0,0,0,0,0,0,0,0
111,21,005,033,10,21005033,0,0,0,0,0,0,0,0,0
111,21,005,033,11,21005033,0,0,0,0,0,0,0,0,0
111,21,005,033,12,21005033,0,0,0,0,0,0,0,0,0
111,21,005,033,13,21005033,0,0,0,0,0,0,0,0,0
111,21,005,033,17,21005033,0,0,0,0,0,0,0,0,0
111,21,005,033,18,21005033,0,0,0,0,0,0,0,0,0
111,21,005,033,19,21005033,0,0,0,0,0,0,0,0,0
111,21,005,033,20,21005033,0,0,0,0,0,0,0,0,0
111,21,005,033,21,21005033,0,0,0,0,0,0,0,0,0
111,21,005,034,09,21005034,0,0,0,0,0,0,0,0,0
111,21,005,034,10,21005034,0,0,0,0,0,0,0,0,0
111,21,005,034,11,21005034,0,0,0,0,0,0,0,0,0
111,21,005,034,12,21005034,0,0,0,0,0,0,0,0,0
111,21,005,034,13,21005034,0,0,0,0,0,0,0,0,0
111,21,005,034,17,21005034,0,0,0,0,0,0,0,0,0
111,21,005,034,18,21005034,0,0,0,0,0,0,0,0,0
111,21,005,034,19,21005034,0,0,0,0,0,0,0,0,0
111,21,005,034,20,21005034,0,0,0,0,0,0,0,0,0
111,21,005,034,21,21005034,0,0,0,0,0,0,0,0,0
111,21,005,035,09,21005035,0,0,0,0,0,0,0,0,0
111,21,005,035,10,21005035,0,0,0,0,0,0,0,0,0
111,21,005,035,11,21005035,0,0,0,0,0,0,0,0,0
111,21,005,035,12,21005035,0,0,0,0,0,0,0,0,0
111,21,005,035,13,21005035,0,0,0,0,0,0,0,0,0
111,21,005,035,17,21005035,0,0,0,0,0,0,0,0,0
111,21,005,035,18,21005035,0,0,0,0,0,0,0,0,0
111,21,005,035,19,21005035,0,0,0,0,0,0,0,0,0
111,21,005,035,20,21005035,0,0,0,0,0,0,0,0,0
111,21,005,035,21,21005035,0,0,0,0,0,0,0,0,0
111,21,005,036,09,21005036,0,0,0,0,0,0,0,0,0
111,21,005,036,10,21005036,0,0,0,0,0,0,0,0,0
111,21,005,036,11,21005036,0,0,0,0,0,0,0,0,0
111,21,005,036,12,21005036,0,0,0,0,0,0,0,0,0
111,21,005,036,13,21005036,0,0,0,0,0,0,0,0,0
111,21,005,036,17,21005036,0,0,0,0,0,0,0,0,0
111,21,005,036,18,21005036,0,0,0,0,0,0,0,0,0
111,21,005,036,19,21005036,0,0,0,0,0,0,0,0,0
111,21,005,036,20,21005036,0,0,0,0,0,0,0,0,0
111,21,005,036,21,21005036,0,0,0,0,0,0,0,0,0
111,21,005,037,09,21005037,0,0,0,0,0,0,0,0,0
111,21,005,037,10,21005037,0,0,0,0,0,0,0,0,0
111,21,005,037,11,21005037,0,0,0,0,0,0,0,0,0
111,21,005,037,12,21005037,0,0,0,0,0,0,0,0,0
111,21,005,037,13,21005037,0,0,0,0,0,0,0,0,0
111,21,005,037,17,21005037,0,0,0,0,0,0,0,0,0
111,21,005,037,18,21005037,0,0,0,0,0,0,0,0,0
111,21,005,037,19,21005037,0,0,0,0,0,0,0,0,0
111,21,005,037,20,21005037,0,0,0,0,0,0,0,0,0
111,21,005,037,21,21005037,0,0,0,0,0,0,0,0,0
111,21,005,038,09,21005038,0,0,0,0,0,0,0,0,0
111,21,005,038,10,21005038,0,0,0,0,0,0,0,0,0
111,21,005,038,11,21005038,0,0,0,0,0,0,0,0,0
111,21,005,038,12,21005038,0,0,0,0,0,0,0,0,0
111,21,005,038,13,21005038,0,0,0,0,0,0,0,0,0
111,21,005,038,17,21005038,0,0,0,0,0,0,0,0,0
111,21,005,038,18,21005038,0,0,0,0,0,0,0,0,0
111,21,005,038,19,21005038,0,0,0,0,0,0,0,0,0
111,21,005,038,20,21005038,0,0,0,0,0,0,0,0,0
111,21,005,038,21,21005038,0,0,0,0,0,0,0,0,0
111,21,005,039,09,21005039,0,0,0,0,0,0,0,0,0
111,21,005,039,10,21005039,0,0,0,0,0,0,0,0,0
111,21,005,039,11,21005039,0,0,0,0,0,0,0,0,0
111,21,005,039,12,21005039,0,0,0,0,0,0,0,0,0
111,21,005,039,13,21005039,0,0,0,0,0,0,0,0,0
111,21,005,039,17,21005039,0,0,0,0,0,0,0,0,0
111,21,005,039,18,21005039,0,0,0,0,0,0,0,0,0
111,21,005,039,19,21005039,0,0,0,0,0,0,0,0,0
111,21,005,039,20,21005039,0,0,0,0,0,0,0,0,0
111,21,005,039,21,21005039,0,0,0,0,0,0,0,0,0
111,21,005,040,09,21005040,0,0,0,0,0,0,0,0,0
111,21,005,040,10,21005040,0,0,0,0,0,0,0,0,0
111,21,005,040,11,21005040,0,0,0,0,0,0,0,0,0
111,21,005,040,12,21005040,0,0,0,0,0,0,0,0,0
111,21,005,040,13,21005040,0,0,0,0,0,0,0,0,0
111,21,005,040,17,21005040,0,0,0,0,0,0,0,0,0
111,21,005,040,18,21005040,0,0,0,0,0,0,0,0,0
111,21,005,040,19,21005040,0,0,0,0,0,0,0,0,0
111,21,005,040,20,21005040,0,0,0,0,0,0,0,0,0
111,21,005,040,21,21005040,0,0,0,0,0,0,0,0,0