YEAR,DISTRICT,TRAFFIC_AREAS,STREET_NO,TIME_SHARING,AREA,S_ROADSIDE,S_OUTSIDE,D_LEGAL_MEDIUM,D_LEGAL_LARGE,D_LEGAL_TRUCK,D_LEGAL_OTHER,D_ILLEGAL_MEDIUM,D_ILLEGAL_LARGE,D_ILLEGAL_TRUCK,D_ILLEGAL_OTHER,D_OUTSIDE_MEDIUM,D_OUTSIDE_LARGE,D_OUTSIDE_TRUCK,D_OUTSIDE_OTHER
111,17,001,001,09,17001001,0,0,0,0,0,0,0,0,0,0,0,0,0,0,0
111,17,001,001,10,17001001,0,0,0,0,0,0,0,0,0,0,0,0,0,0,0
111,17,001,001,11,17001001,0,0,0,0,0,0,0,0,0,0,0,0,0,0,0
111,17,001,001,12,17001001,0,0,0,0,0,0,0,0,0,0,0,0,0,0,0
111,17,001,001,13,17001001,0,0,0,0,0,0,0,0,0,0,0,0,0,0,0
111,17,001,001,17,17001001,0,0,0,0,0,0,0,0,0,0,0,0,0,0,0
111,17,001,001,18,17001001,0,0,0,0,0,0,0,0,0,0,0,0,0,0,0
111,17,001,001,19,17001001,0,0,0,0,0,0,0,0,0,0,0,0,0,0,0
111,17,001,001,20,17001001,0,0,0,0,0,0,0,0,0,0,0,0,0,0,0
111,17,001,001,21,17001001,0,0,0,0,0,0,0,0,0,0,0,0,0,0,0
111,17,001,002,09,17001002,0,0,0,0,0,0,0,0,0,0,0,0,0,0,0
111,17,001,002,10,17001002,0,0,0,0,0,0,0,0,0,0,0,0,0,0,0
111,17,001,002,11,17001002,0,0,0,0,0,0,0,0,0,0,0,0,0,0,0
111,17,001,002,12,17001002,0,0,0,0,0,0,0,0,0,0,0,0,0,0,0
111,17,001,002,13,17001002,0,0,0,0,0,0,0,0,0,0,0,0,0,0,0
111,17,001,002,17,17001002,0,0,0,0,0,0,0,0,0,0,0,0,0,0,0
111,17,001,002,18,17001002,0,0,0,0,0,0,0,0,0,0,0,0,0,0,0
111,17,001,002,19,17001002,0,0,0,0,0,0,0,0,0,0,0,0,0,0,0
111,17,001,002,20,17001002,0,0,0,0,0,0,0,0,0,0,0,0,0,0,0
111,17,001,002,21,17001002,0,0,0,0,0,0,0,0,0,0,0,0,0,0,0
111,17,001,003,09,17001003,0,0,0,0,0,0,0,0,0,0,0,0,0,0,0
111,17,001,003,10,17001003,0,0,0,0,0,0,0,0,0,0,0,0,0,0,0
111,17,001,003,11,17001003,0,0,0,0,0,0,0,0,0,0,0,0,0,0,0
111,17,001,003,12,17001003,0,0,0,0,0,0,0,0,0,0,0,0,0,0,0
111,17,001,003,13,17001003,0,0,0,0,0,0,0,0,0,0,0,0,0,0,0
111,17,001,003,17,17001003,0,0,0,0,0,0,0,0,0,0,0,0,0,0,0
111,17,001,003,18,17001003,0,0,0,0,0,0,0,0,0,0,0,0,0,0,0
111,17,001,003,19,17001003,0,0,0,0,0,0,0,0,0,0,0,0,0,0,0
111,17,001,003,20,17001003,0,0,0,0,0,0,0,0,0,0,0,0,0,0,0
111,17,001,003,21,17001003,0,0,0,0,0,0,0,0,0,0,0,0,0,0,0
111,17,001,004,09,17001004,0,0,0,0,0,0,0,0,0,0,0,0,0,0,0
111,17,001,004,10,17001004,0,0,0,0,0,0,0,0,0,0,0,0,0,0,0
111,17,001,004,11,17001004,0,0,0,0,0,0,0,0,0,0,0,0,0,0,0
111,17,001,004,12,17001004,0,0,0,0,0,0,0,0,0,0,0,0,0,0,0
111,17,001,004,13,17001004,0,0,0,0,0,0,0,0,0,0,0,0,0,0,0
111,17,001,004,17,17001004,0,0,0,0,0,0,0,0,0,0,0,0,0,0,0
111,17,001,004,18,17001004,0,0,0,0,0,0,0,0,0,0,0,0,0,0,0
111,17,001,004,19,17001004,0,0,0,0,0,0,0,0,0,0,0,0,0,0,0
111,17,001,004,20,17001004,0,0,0,0,0,0,0,0,0,0,0,0,0,0,0
111,17,001,004,21,17001004,0,0,0,0,0,0,0,0,0,0,0,0,0,0,0
111,17,001,005,09,17001005,0,0,0,0,0,0,0,0,0,0,0,0,0,0,0
111,17,001,005,10,17001005,0,0,0,0,0,0,0,0,0,0,0,0,0,0,0
111,17,001,005,11,17001005,0,0,0,0,0,0,0,0,0,0,0,0,0,0,0
111,17,001,005,12,17001005,0,0,0,0,0,0,0,0,0,0,0,0,0,0,0
111,17,001,005,13,17001005,0,0,0,0,0,0,0,0,0,0,0,0,0,0,0
111,17,001,005,17,17001005,0,0,0,0,0,0,0,0,0,0,0,0,0,0,0
111,17,001,005,18,17001005,0,0,0,0,0,0,0,0,0,0,0,0,0,0,0
111,17,001,005,19,17001005,0,0,0,0,0,0,0,0,0,0,0,0,0,0,0
111,17,001,005,20,17001005,0,0,0,0,0,0,0,0,0,0,0,0,0,0,0
111,17,001,005,21,17001005,0,0,0,0,0,0,0,0,0,0,0,0,0,0,0
111,17,001,006,09,17001006,0,0,0,0,0,0,0,0,0,0,0,0,0,0,0
111,17,001,006,10,17001006,0,0,0,0,0,0,0,0,0,0,0,0,0,0,0
111,17,001,006,11,17001006,0,0,0,0,0,0,0,0,0,0,0,0,0,0,0
111,17,001,006,12,17001006,0,0,0,0,0,0,0,0,0,0,0,0,0,0,0
111,17,001,006,13,17001006,0,0,0,0,0,0,0,0,0,0,0,0,0,0,0
111,17,001,006,17,17001006,0,0,0,0,0,0,0,0,0,0,0,0,0,0,0
111,17,001,006,18,17001006,0,0,0,0,0,0,0,0,0,0,0,0,0,0,0
111,17,001,006,19,17001006,0,0,0,0,0,0,0,0,0,0,0,0,0,0,0
111,17,001,006,20,17001006,0,0,0,0,0,0,0,0,0,0,0,0,0,0,0
111,17,001,006,21,17001006,0,0,0,0,0,0,0,0,0,0,0,0,0,0,0
111,17,001,007,09,17001007,0,0,0,0,0,0,0,0,0,0,0,0,0,0,0
111,17,001,007,10,17001007,0,0,0,0,0,0,0,0,0,0,0,0,0,0,0
111,17,001,007,11,17001007,0,0,0,0,0,0,0,0,0,0,0,0,0,0,0
111,17,001,007,12,17001007,0,0,0,0,0,0,0,0,0,0,0,0,0,0,0
111,17,001,007,13,17001007,0,0,0,0,0,0,0,0,0,0,0,0,0,0,0
111,17,001,007,17,17001007,0,0,0,0,0,0,0,0,0,0,0,0,0,0,0
111,17,001,007,18,17001007,0,0,0,0,0,0,0,0,0,0,0,0,0,0,0
111,17,001,007,19,17001007,0,0,0,0,0,0,0,0,0,0,0,0,0,0,0
111,17,001,007,20,17001007,0,0,0,0,0,0,0,0,0,0,0,0,0,0,0
111,17,001,007,21,17001007,0,0,0,0,0,0,0,0,0,0,0,0,0,0,0
111,17,001,008,09,17001008,0,0,0,0,0,0,0,0,0,0,0,0,0,0,0
111,17,001,008,10,17001008,0,0,0,0,0,0,0,0,0,0,0,0,0,0,0
111,17,001,008,11,17001008,0,0,0,0,0,0,0,0,0,0,0,0,0,0,0
111,17,001,008,12,17001008,0,0,0,0,0,0,0,0,0,0,0,0,0,0,0
111,17,001,008,13,17001008,0,0,0,0,0,0,0,0,0,0,0,0,0,0,0
111,17,001,008,17,17001008,0,0,0,0,0,0,0,0,0,0,0,0,0,0,0
111,17,001,008,18,17001008,0,0,0,0,0,0,0,0,0,0,0,0,0,0,0
111,17,001,008,19,17001008,0,0,0,0,0,0,0,0,0,0,0,0,0,0,0
111,17,001,008,20,17001008,0,0,0,0,0,0,0,0,0,0,0,0,0,0,0
111,17,001,008,21,17001008,0,0,0,0,0,0,0,0,0,0,0,0,0,0,0
111,17,002,001,09,17002001,0,0,0,0,0,0,0,0,0,0,0,0,0,0,0
111,17,002,001,10,17002001,0,0,0,0,0,0,0,0,0,0,0,0,0,0,0
111,17,002,001,11,17002001,0,0,0,0,0,0,0,0,0,0,0,0,0,0,0
111,17,002,001,12,17002001,0,0,0,0,0,0,0,0,0,0,0,0,0,0,0
111,17,002,001,13,17002001,0,0,0,0,0,0,0,0,0,0,0,0,0,0,0
111,17,002,001,17,17002001,0,0,0,0,0,0,0,0,0,0,0,0,0,0,0
111,17,002,001,18,17002001,0,0,0,0,0,0,0,0,0,0,0,0,0,0,0
111,17,002,001,19,17002001,0,0,0,0,0,0,0,0,0,0,0,0,0,0,0
111,17,002,001,20,17002001,0,0,0,0,0,0,0,0,0,0,0,0,0,0,0
111,17,002,001,21,17002001,0,0,0,0,0,0,0,0,0,0,0,0,0,0,0
111,17,002,002,09,17002002,0,0,0,0,0,0,0,0,0,0,0,0,0,0,0
111,17,002,002,10,17002002,0,0,0,0,0,0,0,0,0,0,0,0,0,0,0
111,17,002,002,11,17002002,0,0,0,0,0,0,0,0,0,0,0,0,0,0,0
111,17,002,002,12,17002002,0,0,0,0,0,0,0,0,0,0,0,0,0,0,0
111,17,002,002,13,17002002,0,0,0,0,0,0,0,0,0,0,0,0,0,0,0
111,17,002,002,17,17002002,0,0,0,0,0,0,0,0,0,0,0,0,0,0,0
111,17,002,002,18,17002002,0,0,0,0,0,0,0,0,0,0,0,0,0,0,0
111,17,002,002,19,17002002,0,0,0,0,0,0,0,0,0,0,0,0,0,0,0
111,17,002,002,20,17002002,0,0,0,0,0,0,0,0,0,0,0,0,0,0,0
111,17,002,002,21,17002002,0,0,0,0,0,0,0,0,0,0,0,0,0,0,0
111,17,002,003,09,17002003,0,0,0,0,0,0,0,0,0,0,0,0,0,0,0
111,17,002,003,10,17002003,0,0,0,0,0,0,0,0,0,0,0,0,0,0,0
111,17,002,003,11,17002003,0,0,0,0,0,0,0,0,0,0,0,0,0,0,0
111,17,002,003,12,17002003,0,0,0,0,0,0,0,0,0,0,0,0,0,0,0
111,17,002,003,13,17002003,0,0,0,0,0,0,0,0,0,0,0,0,0,0,0
111,17,002,003,17,17002003,0,0,0,0,0,0,0,0,0,0,0,0,0,0,0
111,17,002,003,18,17002003,0,0,0,0,0,0,0,0,0,0,0,0,0,0,0
111,17,002,003,19,17002003,0,0,0,0,0,0,0,0,0,0,0,0,0,0,0
111,17,002,003,20,17002003,0,0,0,0,0,0,0,0,0,0,0,0,0,0,0
111,17,002,003,21,17002003,0,0,0,0,0,0,0,0,0,0,0,0,0,0,0
111,17,002,004,09,17002004,0,0,0,0,0,0,0,0,0,0,0,0,0,0,0
111,17,002,004,10,17002004,0,0,0,0,0,0,0,0,0,0,0,0,0,0,0
111,17,002,004,11,17002004,0,0,0,0,0,0,0,0,0,0,0,0,0,0,0
111,17,002,004,12,17002004,0,0,0,0,0,0,0,0,0,0,0,0,0,0,0
111,17,002,004,13,17002004,0,0,0,0,0,0,0,0,0,0,0,0,0,0,0
111,17,002,004,17,17002004,0,0,0,0,0,0,0,0,0,0,0,0,0,0,0
111,17,002,004,18,17002004,0,0,0,0,0,0,0,0,0,0,0,0,0,0,0
111,17,002,004,19,17002004,0,0,0,0,0,0,0,0,0,0,0,0,0,0,0
111,17,002,004,20,17002004,0,0,0,0,0,0,0,0,0,0,0,0,0,0,0
111,17,002,004,21,17002004,0,0,0,0,0,0,0,0,0,0,0,0,0,0,0
111,17,002,005,09,17002005,0,0,0,0,0,0,0,0,0,0,0,0,0,0,0
111,17,002,005,10,17002005,0,0,0,0,0,0,0,0,0,0,0,0,0,0,0
111,17,002,005,11,17002005,0,0,0,0,0,0,0,0,0,0,0,0,0,0,0
111,17,002,005,12,17002005,0,0,0,0,0,0,0,0,0,0,0,0,0,0,0
111,17,002,005,13,17002005,0,0,0,0,0,0,0,0,0,0,0,0,0,0,0
111,17,002,005,17,17002005,0,0,0,0,0,0,0,0,0,0,0,0,0,0,0
111,17,002,005,18,17002005,0,0,0,0,0,0,0,0,0,0,0,0,0,0,0
111,17,002,005,19,17002005,0,0,0,0,0,0,0,0,0,0,0,0,0,0,0
111,17,002,005,20,17002005,0,0,0,0,0,0,0,0,0,0,0,0,0,0,0
111,17,002,005,21,17002005,0,0,0,0,0,0,0,0,0,0,0,0,0,0,0
111,17,002,006,09,17002006,0,0,0,0,0,0,0,0,0,0,0,0,0,0,0
111,17,002,006,10,17002006,0,0,0,0,0,0,0,0,0,0,0,0,0,0,0
111,17,002,006,11,17002006,0,0,0,0,0,0,0,0,0,0,0,0,0,0,0
111,17,002,006,12,17002006,0,0,0,0,0,0,0,0,0,0,0,0,0,0,0
111,17,002,006,13,17002006,0,0,0,0,0,0,0,0,0,0,0,0,0,0,0
111,17,002,006,17,17002006,0,0,0,0,0,0,0,0,0,0,0,0,0,0,0
111,17,002,006,18,17002006,0,0,0,0,0,0,0,0,0,0,0,0,0,0,0
111,17,002,006,19,17002006,0,0,0,0,0,0,0,0,0,0,0,0,0,0,0
111,17,002,006,20,17002006,0,0,0,0,0,0,0,0,0,0,0,0,0,0,0
111,17,002,006,21,17002006,0,0,0,0,0,0,0,0,0,0,0,0,0,0,0
111,17,002,007,09,17002007,0,0,0,0,0,0,0,0,0,0,0,0,0,0,0
111,17,002,007,10,17002007,0,0,0,0,0,0,0,0,0,0,0,0,0,0,0
111,17,002,007,11,17002007,0,0,0,0,0,0,0,0,0,0,0,0,0,0,0
111,17,002,007,12,17002007,0,0,0,0,0,0,0,0,0,0,0,0,0,0,0
111,17,002,007,13,17002007,0,0,0,0,0,0,0,0,0,0,0,0,0,0,0
111,17,002,007,17,17002007,0,0,0,0,0,0,0,0,0,0,0,0,0,0,0
111,17,002,007,18,17002007,0,0,0,0,0,0,0,0,0,0,0,0,0,0,0
111,17,002,007,19,17002007,0,0,0,0,0,0,0,0,0,0,0,0,0,0,0
111,17,002,007,20,17002007,0,0,0,0,0,0,0,0,0,0,0,0,0,0,0
111,17,002,007,21,17002007,0,0,0,0,0,0,0,0,0,0,0,0,0,0,0
111,17,002,008,09,17002008,0,0,0,0,0,0,0,0,0,0,0,0,0,0,0
111,17,002,008,10,17002008,0,0,0,0,0,0,0,0,0,0,0,0,0,0,0
111,17,002,008,11,17002008,0,0,0,0,0,0,0,0,0,0,0,0,0,0,0
111,17,002,008,12,17002008,0,0,0,0,0,0,0,0,0,0,0,0,0,0,0
111,17,002,008,13,17002008,0,0,0,0,0,0,0,0,0,0,0,0,0,0,0
111,17,002,008,17,17002008,0,0,0,0,0,0,0,0,0,0,0,0,0,0,0
111,17,002,008,18,17002008,0,0,0,0,0,0,0,0,0,0,0,0,0,0,0
111,17,002,008,19,17002008,0,0,0,0,0,0,0,0,0,0,0,0,0,0,0
111,17,002,008,20,17002008,0,0,0,0,0,0,0,0,0,0,0,0,0,0,0
111,17,002,008,21,17002008,0,0,0,0,0,0,0,0,0,0,0,0,0,0,0
111,17,002,009,09,17002009,0,0,0,0,0,0,0,0,0,0,0,0,0,0,0
111,17,002,009,10,17002009,0,0,0,0,0,0,0,0,0,0,0,0,0,0,0
111,17,002,009,11,17002009,0,0,0,0,0,0,0,0,0,0,0,0,0,0,0
111,17,002,009,12,17002009,0,0,0,0,0,0,0,0,0,0,0,0,0,0,0
111,17,002,009,13,17002009,0,0,0,0,0,0,0,0,0,0,0,0,0,0,0
111,17,002,009,17,17002009,0,0,0,0,0,0,0,0,0,0,0,0,0,0,0
111,17,002,009,18,17002009,0,0,0,0,0,0,0,0,0,0,0,0,0,0,0
111,17,002,009,19,17002009,0,0,0,0,0,0,0,0,0,0,0,0,0,0,0
111,17,002,009,20,17002009,0,0,0,0,0,0,0,0,0,0,0,0,0,0,0
111,17,002,009,21,17002009,0,0,0,0,0,0,0,0,0,0,0,0,0,0,0
111,17,002,010,09,17002010,0,0,0,0,0,0,0,0,0,0,0,0,0,0,0
111,17,002,010,10,17002010,0,0,0,0,0,0,0,0,0,0,0,0,0,0,0
111,17,002,010,11,17002010,0,0,0,0,0,0,0,0,0,0,0,0,0,0,0
111,17,002,010,12,17002010,0,0,0,0,0,0,0,0,0,0,0,0,0,0,0
111,17,002,010,13,17002010,0,0,0,0,0,0,0,0,0,0,0,0,0,0,0
111,17,002,010,17,17002010,0,0,0,0,0,0,0,0,0,0,0,0,0,0,0
111,17,002,010,18,17002010,0,0,0,0,0,0,0,0,0,0,0,0,0,0,0
111,17,002,010,19,17002010,0,0,0,0,0,0,0,0,0,0,0,0,0,0,0
111,17,002,010,20,17002010,0,0,0,0,0,0,0,0,0,0,0,0,0,0,0
111,17,002,010,21,17002010,0,0,0,0,0,0,0,0,0,0,0,0,0,0,0
111,17,002,011,09,17002011,0,0,0,0,0,0,0,0,0,0,0,0,0,0,0
111,17,002,011,10,17002011,0,0,0,0,0,0,0,0,0,0,0,0,0,0,0
111,17,002,011,11,17002011,0,0,0,0,0,0,0,0,0,0,0,0,0,0,0
111,17,002,011,12,17002011,0,0,0,0,0,0,0,0,0,0,0,0,0,0,0
111,17,002,011,13,17002011,0,0,0,0,0,0,0,0,0,0,0,0,0,0,0
111,17,002,011,17,17002011,0,0,0,0,0,0,0,0,0,0,0,0,0,0,0
111,17,002,011,18,17002011,0,0,0,0,0,0,0,0,0,0,0,0,0,0,0
111,17,002,011,19,17002011,0,0,0,0,0,0,0,0,0,0,0,0,0,0,0
111,17,002,011,20,17002011,0,0,0,0,0,0,0,0,0,0,0,0,0,0,0
111,17,002,011,21,17002011,0,0,0,0,0,0,0,0,0,0,0,0,0,0,0
111,17,002,012,09,17002012,0,0,0,0,0,0,0,0,0,0,0,0,0,0,0
111,17,002,012,10,17002012,0,0,0,0,0,0,0,0,0,0,0,0,0,0,0
111,17,002,012,11,17002012,0,0,0,0,0,0,0,0,0,0,0,0,0,0,0
111,17,002,012,12,17002012,0,0,0,0,0,0,0,0,0,0,0,0,0,0,0
111,17,002,012,13,17002012,0,0,0,0,0,0,0,0,0,0,0,0,0,0,0
111,17,002,012,17,17002012,0,0,0,0,0,0,0,0,0,0,0,0,0,0,0
111,17,002,012,18,17002012,0,0,0,0,0,0,0,0,0,0,0,0,0,0,0
111,17,002,012,19,17002012,0,0,0,0,0,0,0,0,0,0,0,0,0,0,0
111,17,002,012,20,17002012,0,0,0,0,0,0,0,0,0,0,0,0,0,0,0
111,17,002,012,21,17002012,0,0,0,0,0,0,0,0,0,0,0,0,0,0,0
111,17,002,013,09,17002013,0,0,0,0,0,0,0,0,0,0,0,0,0,0,0
111,17,002,013,10,17002013,0,0,0,0,0,0,0,0,0,0,0,0,0,0,0
111,17,002,013,11,17002013,0,0,0,0,0,0,0,0,0,0,0,0,0,0,0
111,17,002,013,12,17002013,0,0,0,0,0,0,0,0,0,0,0,0,0,0,0
111,17,002,013,13,17002013,0,0,0,0,0,0,0,0,0,0,0,0,0,0,0
111,17,002,013,17,17002013,0,0,0,0,0,0,0,0,0,0,0,0,0,0,0
111,17,002,013,18,17002013,0,0,0,0,0,0,0,0,0,0,0,0,0,0,0
111,17,002,013,19,17002013,0,0,0,0,0,0,0,0,0,0,0,0,0,0,0
111,17,002,013,20,17002013,0,0,0,0,0,0,0,0,0,0,0,0,0,0,0
111,17,002,013,21,17002013,0,0,0,0,0,0,0,0,0,0,0,0,0,0,0
111,17,002,014,09,17002014,0,0,0,0,0,0,0,0,0,0,0,0,0,0,0
111,17,002,014,10,17002014,0,0,0,0,0,0,0,0,0,0,0,0,0,0,0
111,17,002,014,11,17002014,0,0,0,0,0,0,0,0,0,0,0,0,0,0,0
111,17,002,014,12,17002014,0,0,0,0,0,0,0,0,0,0,0,0,0,0,0
111,17,002,014,13,17002014,0,0,0,0,0,0,0,0,0,0,0,0,0,0,0
111,17,002,014,17,17002014,0,0,0,0,0,0,0,0,0,0,0,0,0,0,0
111,17,002,014,18,17002014,0,0,0,0,0,0,0,0,0,0,0,0,0,0,0
111,17,002,014,19,17002014,0,0,0,0,0,0,0,0,0,0,0,0,0,0,0
111,17,002,014,20,17002014,0,0,0,0,0,0,0,0,0,0,0,0,0,0,0
111,17,002,014,21,17002014,0,0,0,0,0,0,0,0,0,0,0,0,0,0,0
111,17,003,001,09,17003001,0,0,0,0,0,0,0,0,0,0,0,0,0,0,0
111,17,003,001,10,17003001,0,0,0,0,0,0,0,0,0,0,0,0,0,0,0
111,17,003,001,11,17003001,0,0,0,0,0,0,0,0,0,0,0,0,0,0,0
111,17,003,001,12,17003001,0,0,0,0,0,0,0,0,0,0,0,0,0,0,0
111,17,003,001,13,17003001,0,0,0,0,0,0,0,0,0,0,0,0,0,0,0
111,17,003,001,17,17003001,0,0,0,0,0,0,0,0,0,0,0,0,0,0,0
111,17,003,001,18,17003001,0,0,0,0,0,0,0,0,0,0,0,0,0,0,0
111,17,003,001,19,17003001,0,0,0,0,0,0,0,0,0,0,0,0,0,0,0
111,17,003,001,20,17003001,0,0,0,0,0,0,0,0,0,0,0,0,0,0,0
111,17,003,001,21,17003001,0,0,0,0,0,0,0,0,0,0,0,0,0,0,0
111,17,003,002,09,17003002,0,0,0,0,0,0,0,0,0,0,0,0,0,0,0
111,17,003,002,10,17003002,0,0,0,0,0,0,0,0,0,0,0,0,0,0,0
111,17,003,002,11,17003002,0,0,0,0,0,0,0,0,0,0,0,0,0,0,0
111,17,003,002,12,17003002,0,0,0,0,0,0,0,0,0,0,0,0,0,0,0
111,17,003,002,13,17003002,0,0,0,0,0,0,0,0,0,0,0,0,0,0,0
111,17,003,002,17,17003002,0,0,0,0,0,0,0,0,0,0,0,0,0,0,0
111,17,003,002,18,17003002,0,0,0,0,0,0,0,0,0,0,0,0,0,0,0
111,17,003,002,19,17003002,0,0,0,0,0,0,0,0,0,0,0,0,0,0,0
111,17,003,002,20,17003002,0,0,0,0,0,0,0,0,0,0,0,0,0,0,0
111,17,003,002,21,17003002,0,0,0,0,0,0,0,0,0,0,0,0,0,0,0
111,17,003,003,09,17003003,0,0,0,0,0,0,0,0,0,0,0,0,0,0,0
111,17,003,003,10,17003003,0,0,0,0,0,0,0,0,0,0,0,0,0,0,0
111,17,003,003,11,17003003,0,0,0,0,0,0,0,0,0,0,0,0,0,0,0
111,17,003,003,12,17003003,0,0,0,0,0,0,0,0,0,0,0,0,0,0,0
111,17,003,003,13,17003003,0,0,0,0,0,0,0,0,0,0,0,0,0,0,0
111,17,003,003,17,17003003,0,0,0,0,0,0,0,0,0,0,0,0,0,0,0
111,17,003,003,18,17003003,0,0,0,0,0,0,0,0,0,0,0,0,0,0,0
111,17,003,003,19,17003003,0,0,0,0,0,0,0,0,0,0,0,0,0,0,0
111,17,003,003,20,17003003,0,0,0,0,0,0,0,0,0,0,0,0,0,0,0
111,17,003,003,21,17003003,0,0,0,0,0,0,0,0,0,0,0,0,0,0,0
111,17,003,004,09,17003004,0,0,0,0,0,0,0,0,0,0,0,0,0,0,0
111,17,003,004,10,17003004,0,0,0,0,0,0,0,0,0,0,0,0,0,0,0
111,17,003,004,11,17003004,0,0,0,0,0,0,0,0,0,0,0,0,0,0,0
111,17,003,004,12,17003004,0,0,0,0,0,0,0,0,0,0,0,0,0,0,0
111,17,003,004,13,17003004,0,0,0,0,0,0,0,0,0,0,0,0,0,0,0
111,17,003,004,17,17003004,0,0,0,0,0,0,0,0,0,0,0,0,0,0,0
111,17,003,004,18,17003004,0,0,0,0,0,0,0,0,0,0,0,0,0,0,0
111,17,003,004,19,17003004,0,0,0,0,0,0,0,0,0,0,0,0,0,0,0
111,17,003,004,20,17003004,0,0,0,0,0,0,0,0,0,0,0,0,0,0,0
111,17,003,004,21,17003004,0,0,0,0,0,0,0,0,0,0,0,0,0,0,0
111,17,003,005,09,17003005,0,0,0,0,0,0,0,0,0,0,0,0,0,0,0
111,17,003,005,10,17003005,0,0,0,0,0,0,0,0,0,0,0,0,0,0,0
111,17,003,005,11,17003005,0,0,0,0,0,0,0,0,0,0,0,0,0,0,0
111,17,003,005,12,17003005,0,0,0,0,0,0,0,0,0,0,0,0,0,0,0
111,17,003,005,13,17003005,0,0,0,0,0,0,0,0,0,0,0,0,0,0,0
111,17,003,005,17,17003005,0,0,0,0,0,0,0,0,0,0,0,0,0,0,0
111,17,003,005,18,17003005,0,0,0,0,0,0,0,0,0,0,0,0,0,0,0
111,17,003,005,19,17003005,0,0,0,0,0,0,0,0,0,0,0,0,0,0,0
111,17,003,005,20,17003005,0,0,0,0,0,0,0,0,0,0,0,0,0,0,0
111,17,003,005,21,17003005,0,0,0,0,0,0,0,0,0,0,0,0,0,0,0
111,17,003,006,09,17003006,0,0,0,0,0,0,0,0,0,0,0,0,0,0,0
111,17,003,006,10,17003006,0,0,0,0,0,0,0,0,0,0,0,0,0,0,0
111,17,003,006,11,17003006,0,0,0,0,0,0,0,0,0,0,0,0,0,0,0
111,17,003,006,12,17003006,0,0,0,0,0,0,0,0,0,0,0,0,0,0,0
111,17,003,006,13,17003006,0,0,0,0,0,0,0,0,0,0,0,0,0,0,0
111,17,003,006,17,17003006,0,0,0,0,0,0,0,0,0,0,0,0,0,0,0
111,17,003,006,18,17003006,0,0,0,0,0,0,0,0,0,0,0,0,0,0,0
111,17,003,006,19,17003006,0,0,0,0,0,0,0,0,0,0,0,0,0,0,0
111,17,003,006,20,17003006,0,0,0,0,0,0,0,0,0,0,0,0,0,0,0
111,17,003,006,21,17003006,0,0,0,0,0,0,0,0,0,0,0,0,0,0,0
111,17,003,007,09,17003007,0,0,0,0,0,0,0,0,0,0,0,0,0,0,0
111,17,003,007,10,17003007,0,0,0,0,0,0,0,0,0,0,0,0,0,0,0
111,17,003,007,11,17003007,0,0,0,0,0,0,0,0,0,0,0,0,0,0,0
111,17,003,007,12,17003007,0,0,0,0,0,0,0,0,0,0,0,0,0,0,0
111,17,003,007,13,17003007,0,0,0,0,0,0,0,0,0,0,0,0,0,0,0
111,17,003,007,17,17003007,0,0,0,0,0,0,0,0,0,0,0,0,0,0,0
111,17,003,007,18,17003007,0,0,0,0,0,0,0,0,0,0,0,0,0,0,0
111,17,003,007,19,17003007,0,0,0,0,0,0,0,0,0,0,0,0,0,0,0
111,17,003,007,20,17003007,0,0,0,0,0,0,0,0,0,0,0,0,0,0,0
111,17,003,007,21,17003007,0,0,0,0,0,0,0,0,0,0,0,0,0,0,0
111,17,003,008,09,17003008,0,0,0,0,0,0,0,0,0,0,0,0,0,0,0
111,17,003,008,10,17003008,0,0,0,0,0,0,0,0,0,0,0,0,0,0,0
111,17,003,008,11,17003008,0,0,0,0,0,0,0,0,0,0,0,0,0,0,0
111,17,003,008,12,17003008,0,0,0,0,0,0,0,0,0,0,0,0,0,0,0
111,17,003,008,13,17003008,0,0,0,0,0,0,0,0,0,0,0,0,0,0,0
111,17,003,008,17,17003008,0,0,0,0,0,0,0,0,0,0,0,0,0,0,0
111,17,003,008,18,17003008,0,0,0,0,0,0,0,0,0,0,0,0,0,0,0
111,17,003,008,19,17003008,0,0,0,0,0,0,0,0,0,0,0,0,0,0,0
111,17,003,008,20,17003008,0,0,0,0,0,0,0,0,0,0,0,0,0,0,0
111,17,003,008,21,17003008,0,0,0,0,0,0,0,0,0,0,0,0,0,0,0
111,17,003,009,09,17003009,0,0,0,0,0,0,0,0,0,0,0,0,0,0,0
111,17,003,009,10,17003009,0,0,0,0,0,0,0,0,0,0,0,0,0,0,0
111,17,003,009,11,17003009,0,0,0,0,0,0,0,0,0,0,0,0,0,0,0
111,17,003,009,12,17003009,0,0,0,0,0,0,0,0,0,0,0,0,0,0,0
111,17,003,009,13,17003009,0,0,0,0,0,0,0,0,0,0,0,0,0,0,0
111,17,003,009,17,17003009,0,0,0,0,0,0,0,0,0,0,0,0,0,0,0
111,17,003,009,18,17003009,0,0,0,0,0,0,0,0,0,0,0,0,0,0,0
111,17,003,009,19,17003009,0,0,0,0,0,0,0,0,0,0,0,0,0,0,0
111,17,003,009,20,17003009,0,0,0,0,0,0,0,0,0,0,0,0,0,0,0
111,17,003,009,21,17003009,0,0,0,0,0,0,0,0,0,0,0,0,0,0,0
111,17,003,010,09,17003010,0,0,0,0,0,0,0,0,0,0,0,0,0,0,0
111,17,003,010,10,17003010,0,0,0,0,0,0,0,0,0,0,0,0,0,0,0
111,17,003,010,11,17003010,0,0,0,0,0,0,0,0,0,0,0,0,0,0,0
111,17,003,010,12,17003010,0,0,0,0,0,0,0,0,0,0,0,0,0,0,0
111,17,003,010,13,17003010,0,0,0,0,0,0,0,0,0,0,0,0,0,0,0
111,17,003,010,17,17003010,0,0,0,0,0,0,0,0,0,0,0,0,0,0,0
111,17,003,010,18,17003010,0,0,0,0,0,0,0,0,0,0,0,0,0,0,0
111,17,003,010,19,17003010,0,0,0,0,0,0,0,0,0,0,0,0,0,0,0
111,17,003,010,20,17003010,0,0,0,0,0,0,0,0,0,0,0,0,0,0,0
111,17,003,010,21,17003010,0,0,0,0,0,0,0,0,0,0,0,0,0,0,0
111,17,003,011,09,17003011,0,0,0,0,0,0,0,0,0,0,0,0,0,0,0
111,17,003,011,10,17003011,0,0,0,0,0,0,0,0,0,0,0,0,0,0,0
111,17,003,011,11,17003011,0,0,0,0,0,0,0,0,0,0,0,0,0,0,0
111,17,003,011,12,17003011,0,0,0,0,0,0,0,0,0,0,0,0,0,0,0
111,17,003,011,13,17003011,0,0,0,0,0,0,0,0,0,0,0,0,0,0,0
111,17,003,011,17,17003011,0,0,0,0,0,0,0,0,0,0,0,0,0,0,0
111,17,003,011,18,17003011,0,0,0,0,0,0,0,0,0,0,0,0,0,0,0
111,17,003,011,19,17003011,0,0,0,0,0,0,0,0,0,0,0,0,0,0,0
111,17,003,011,20,17003011,0,0,0,0,0,0,0,0,0,0,0,0,0,0,0
111,17,003,011,21,17003011,0,0,0,0,0,0,0,0,0,0,0,0,0,0,0
111,17,003,012,09,17003012,0,0,0,0,0,0,0,0,0,0,0,0,0,0,0
111,17,003,012,10,17003012,0,0,0,0,0,0,0,0,0,0,0,0,0,0,0
111,17,003,012,11,17003012,0,0,0,0,0,0,0,0,0,0,0,0,0,0,0
111,17,003,012,12,17003012,0,0,0,0,0,0,0,0,0,0,0,0,0,0,0
111,17,003,012,13,17003012,0,0,0,0,0,0,0,0,0,0,0,0,0,0,0
111,17,003,012,17,17003012,0,0,0,0,0,0,0,0,0,0,0,0,0,0,0
111,17,003,012,18,17003012,0,0,0,0,0,0,0,0,0,0,0,0,0,0,0
111,17,003,012,19,17003012,0,0,0,0,0,0,0,0,0,0,0,0,0,0,0
111,17,003,012,20,17003012,0,0,0,0,0,0,0,0,0,0,0,0,0,0,0
111,17,003,012,21,17003012,0,0,0,0,0,0,0,0,0,0,0,0,0,0,0
111,17,003,013,09,17003013,0,0,0,0,0,0,0,0,0,0,0,0,0,0,0
111,17,003,013,10,17003013,0,0,0,0,0,0,0,0,0,0,0,0,0,0,0
111,17,003,013,11,17003013,0,0,0,0,0,0,0,0,0,0,0,0,0,0,0
111,17,003,013,12,17003013,0,0,0,0,0,0,0,0,0,0,0,0,0,0,0
111,17,003,013,13,17003013,0,0,0,0,0,0,0,0,0,0,0,0,0,0,0
111,17,003,013,17,17003013,0,0,0,0,0,0,0,0,0,0,0,0,0,0,0
111,17,003,013,18,17003013,0,0,0,0,0,0,0,0,0,0,0,0,0,0,0
111,17,003,013,19,17003013,0,0,0,0,0,0,0,0,0,0,0,0,0,0,0
111,17,003,013,20,17003013,0,0,0,0,0,0,0,0,0,0,0,0,0,0,0
111,17,003,013,21,17003013,0,0,0,0,0,0,0,0,0,0,0,0,0,0,0
111,17,003,014,09,17003014,0,0,0,0,0,0,0,0,0,0,0,0,0,0,0
111,17,003,014,10,17003014,0,0,0,0,0,0,0,0,0,0,0,0,0,0,0
111,17,003,014,11,17003014,0,0,0,0,0,0,0,0,0,0,0,0,0,0,0
111,17,003,014,12,17003014,0,0,0,0,0,0,0,0,0,0,0,0,0,0,0
111,17,003,014,13,17003014,0,0,0,0,0,0,0,0,0,0,0,0,0,0,0
111,17,003,014,17,17003014,0,0,0,0,0,0,0,0,0,0,0,0,0,0,0
111,17,003,014,18,17003014,0,0,0,0,0,0,0,0,0,0,0,0,0,0,0
111,17,003,014,19,17003014,0,0,0,0,0,0,0,0,0,0,0,0,0,0,0
111,17,003,014,20,17003014,0,0,0,0,0,0,0,0,0,0,0,0,0,0,0
111,17,003,014,21,17003014,0,0,0,0,0,0,0,0,0,0,0,0,0,0,0
111,17,003,015,09,17003015,0,0,0,0,0,0,0,0,0,0,0,0,0,0,0
111,17,003,015,10,17003015,0,0,0,0,0,0,0,0,0,0,0,0,0,0,0
111,17,003,015,11,17003015,0,0,0,0,0,0,0,0,0,0,0,0,0,0,0
111,17,003,015,12,17003015,0,0,0,0,0,0,0,0,0,0,0,0,0,0,0
111,17,003,015,13,17003015,0,0,0,0,0,0,0,0,0,0,0,0,0,0,0
111,17,003,015,17,17003015,0,0,0,0,0,0,0,0,0,0,0,0,0,0,0
111,17,003,015,18,17003015,0,0,0,0,0,0,0,0,0,0,0,0,0,0,0
111,17,003,015,19,17003015,0,0,0,0,0,0,0,0,0,0,0,0,0,0,0
111,17,003,015,20,17003015,0,0,0,0,0,0,0,0,0,0,0,0,0,0,0
111,17,003,015,21,17003015,0,0,0,0,0,0,0,0,0,0,0,0,0,0,0
111,17,003,016,09,17003016,0,0,0,0,0,0,0,0,0,0,0,0,0,0,0
111,17,003,016,10,17003016,0,0,0,0,0,0,0,0,0,0,0,0,0,0,0
111,17,003,016,11,17003016,0,0,0,0,0,0,0,0,0,0,0,0,0,0,0
111,17,003,016,12,17003016,0,0,0,0,0,0,0,0,0,0,0,0,0,0,0
111,17,003,016,13,17003016,0,0,0,0,0,0,0,0,0,0,0,0,0,0,0
111,17,003,016,17,17003016,0,0,0,0,0,0,0,0,0,0,0,0,0,0,0
111,17,003,016,18,17003016,0,0,0,0,0,0,0,0,0,0,0,0,0,0,0
111,17,003,016,19,17003016,0,0,0,0,0,0,0,0,0,0,0,0,0,0,0
111,17,003,016,20,17003016,0,0,0,0,0,0,0,0,0,0,0,0,0,0,0
111,17,003,016,21,17003016,0,0,0,0,0,0,0,0,0,0,0,0,0,0,0
111,17,003,017,09,17003017,0,0,0,0,0,0,0,0,0,0,0,0,0,0,0
111,17,003,017,10,17003017,0,0,0,0,0,0,0,0,0,0,0,0,0,0,0
111,17,003,017,11,17003017,0,0,0,0,0,0,0,0,0,0,0,0,0,0,0
111,17,003,017,12,17003017,0,0,0,0,0,0,0,0,0,0,0,0,0,0,0
111,17,003,017,13,17003017,0,0,0,0,0,0,0,0,0,0,0,0,0,0,0
111,17,003,017,17,17003017,0,0,0,0,0,0,0,0,0,0,0,0,0,0,0
111,17,003,017,18,17003017,0,0,0,0,0,0,0,0,0,0,0,0,0,0,0
111,17,003,017,19,17003017,0,0,0,0,0,0,0,0,0,0,0,0,0,0,0
111,17,003,017,20,17003017,0,0,0,0,0,0,0,0,0,0,0,0,0,0,0
111,17,003,017,21,17003017,0,0,0,0,0,0,0,0,0,0,0,0,0,0,0
111,17,003,018,09,17003018,0,0,0,0,0,0,0,0,0,0,0,0,0,0,0
111,17,003,018,10,17003018,0,0,0,0,0,0,0,0,0,0,0,0,0,0,0
111,17,003,018,11,17003018,0,0,0,0,0,0,0,0,0,0,0,0,0,0,0
111,17,003,018,12,17003018,0,0,0,0,0,0,0,0,0,0,0,0,0,0,0
111,17,003,018,13,17003018,0,0,0,0,0,0,0,0,0,0,0,0,0,0,0
111,17,003,018,17,17003018,0,0,0,0,0,0,0,0,0,0,0,0,0,0,0
111,17,003,018,18,17003018,0,0,0,0,0,0,0,0,0,0,0,0,0,0,0
111,17,003,018,19,17003018,0,0,0,0,0,0,0,0,0,0,0,0,0,0,0
111,17,003,018,20,17003018,0,0,0,0,0,0,0,0,0,0,0,0,0,0,0
111,17,003,018,21,17003018,0,0,0,0,0,0,0,0,0,0,0,0,0,0,0
111,17,003,019,09,17003019,0,0,0,0,0,0,0,0,0,0,0,0,0,0,0
111,17,003,019,10,17003019,0,0,0,0,0,0,0,0,0,0,0,0,0,0,0
111,17,003,019,11,17003019,0,0,0,0,0,0,0,0,0,0,0,0,0,0,0
111,17,003,019,12,17003019,0,0,0,0,0,0,0,0,0,0,0,0,0,0,0
111,17,003,019,13,17003019,0,0,0,0,0,0,0,0,0,0,0,0,0,0,0
111,17,003,019,17,17003019,0,0,0,0,0,0,0,0,0,0,0,0,0,0,0
111,17,003,019,18,17003019,0,0,0,0,0,0,0,0,0,0,0,0,0,0,0
111,17,003,019,19,17003019,0,0,0,0,0,0,0,0,0,0,0,0,0,0,0
111,17,003,019,20,17003019,0,0,0,0,0,0,0,0,0,0,0,0,0,0,0
111,17,003,019,21,17003019,0,0,0,0,0,0,0,0,0,0,0,0,0,0,0
111,17,003,020,09,17003020,0,0,0,0,0,0,0,0,0,0,0,0,0,0,0
111,17,003,020,10,17003020,0,0,0,0,0,0,0,0,0,0,0,0,0,0,0
111,17,003,020,11,17003020,0,0,0,0,0,0,0,0,0,0,0,0,0,0,0
111,17,003,020,12,17003020,0,0,0,0,0,0,0,0,0,0,0,0,0,0,0
111,17,003,020,13,17003020,0,0,0,0,0,0,0,0,0,0,0,0,0,0,0
111,17,003,020,17,17003020,0,0,0,0,0,0,0,0,0,0,0,0,0,0,0
111,17,003,020,18,17003020,0,0,0,0,0,0,0,0,0,0,0,0,0,0,0
111,17,003,020,19,17003020,0,0,0,0,0,0,0,0,0,0,0,0,0,0,0
111,17,003,020,20,17003020,0,0,0,0,0,0,0,0,0,0,0,0,0,0,0
111,17,003,020,21,17003020,0,0,0,0,0,0,0,0,0,0,0,0,0,0,0
111,17,005,001,09,17005001,0,0,0,0,0,0,0,0,0,0,0,0,0,0,0
111,17,005,001,10,17005001,0,0,0,0,0,0,0,0,0,0,0,0,0,0,0
111,17,005,001,11,17005001,0,0,0,0,0,0,0,0,0,0,0,0,0,0,0
111,17,005,001,12,17005001,0,0,0,0,0,0,0,0,0,0,0,0,0,0,0
111,17,005,001,13,17005001,0,0,0,0,0,0,0,0,0,0,0,0,0,0,0
111,17,005,001,17,17005001,0,0,0,0,0,0,0,0,0,0,0,0,0,0,0
111,17,005,001,18,17005001,0,0,0,0,0,0,0,0,0,0,0,0,0,0,0
111,17,005,001,19,17005001,0,0,0,0,0,0,0,0,0,0,0,0,0,0,0
111,17,005,001,20,17005001,0,0,0,0,0,0,0,0,0,0,0,0,0,0,0
111,17,005,001,21,17005001,0,0,0,0,0,0,0,0,0,0,0,0,0,0,0
111,17,005,002,09,17005002,0,0,0,0,0,0,0,0,0,0,0,0,0,0,0
111,17,005,002,10,17005002,0,0,0,0,0,0,0,0,0,0,0,0,0,0,0
111,17,005,002,11,17005002,0,0,0,0,0,0,0,0,0,0,0,0,0,0,0
111,17,005,002,12,17005002,0,0,0,0,0,0,0,0,0,0,0,0,0,0,0
111,17,005,002,13,17005002,0,0,0,0,0,0,0,0,0,0,0,0,0,0,0
111,17,005,002,17,17005002,0,0,0,0,0,0,0,0,0,0,0,0,0,0,0
111,17,005,002,18,17005002,0,0,0,0,0,0,0,0,0,0,0,0,0,0,0
111,17,005,002,19,17005002,0,0,0,0,0,0,0,0,0,0,0,0,0,0,0
111,17,005,002,20,17005002,0,0,0,0,0,0,0,0,0,0,0,0,0,0,0
111,17,005,002,21,17005002,0,0,0,0,0,0,0,0,0,0,0,0,0,0,0
111,17,005,003,09,17005003,0,0,0,0,0,0,0,0,0,0,0,0,0,0,0
111,17,005,003,10,17005003,0,0,0,0,0,0,0,0,0,0,0,0,0,0,0
111,17,005,003,11,17005003,0,0,0,0,0,0,0,0,0,0,0,0,0,0,0
111,17,005,003,12,17005003,0,0,0,0,0,0,0,0,0,0,0,0,0,0,0
111,17,005,003,13,17005003,0,0,0,0,0,0,0,0,0,0,0,0,0,0,0
111,17,005,003,17,17005003,0,0,0,0,0,0,0,0,0,0,0,0,0,0,0
111,17,005,003,18,17005003,0,0,0,0,0,0,0,0,0,0,0,0,0,0,0
111,17,005,003,19,17005003,0,0,0,0,0,0,0,0,0,0,0,0,0,0,0
111,17,005,003,20,17005003,0,0,0,0,0,0,0,0,0,0,0,0,0,0,0
111,17,005,003,21,17005003,0,0,0,0,0,0,0,0,0,0,0,0,0,0,0
111,17,005,004,09,17005004,0,0,0,0,0,0,0,0,0,0,0,0,0,0,0
111,17,005,004,10,17005004,0,0,0,0,0,0,0,0,0,0,0,0,0,0,0
111,17,005,004,11,17005004,0,0,0,0,0,0,0,0,0,0,0,0,0,0,0
111,17,005,004,12,17005004,0,0,0,0,0,0,0,0,0,0,0,0,0,0,0
111,17,005,004,13,17005004,0,0,0,0,0,0,0,0,0,0,0,0,0,0,0
111,17,005,004,17,17005004,0,0,0,0,0,0,0,0,0,0,0,0,0,0,0
111,17,005,004,18,17005004,0,0,0,0,0,0,0,0,0,0,0,0,0,0,0
111,17,005,004,19,17005004,0,0,0,0,0,0,0,0,0,0,0,0,0,0,0
111,17,005,004,20,17005004,0,0,0,0,0,0,0,0,0,0,0,0,0,0,0
111,17,005,004,21,17005004,0,0,0,0,0,0,0,0,0,0,0,0,0,0,0
111,17,005,005,09,17005005,0,0,0,0,0,0,0,0,0,0,0,0,0,0,0
111,17,005,005,10,17005005,0,0,0,0,0,0,0,0,0,0,0,0,0,0,0
111,17,005,005,11,17005005,0,0,0,0,0,0,0,0,0,0,0,0,0,0,0
111,17,005,005,12,17005005,0,0,0,0,0,0,0,0,0,0,0,0,0,0,0
111,17,005,005,13,17005005,0,0,0,0,0,0,0,0,0,0,0,0,0,0,0
111,17,005,005,17,17005005,0,0,0,0,0,0,0,0,0,0,0,0,0,0,0
111,17,005,005,18,17005005,0,0,0,0,0,0,0,0,0,0,0,0,0,0,0
111,17,005,005,19,17005005,0,0,0,0,0,0,0,0,0,0,0,0,0,0,0
111,17,005,005,20,17005005,0,0,0,0,0,0,0,0,0,0,0,0,0,0,0
111,17,005,005,21,17005005,0,0,0,0,0,0,0,0,0,0,0,0,0,0,0
111,17,005,006,09,17005006,0,0,0,0,0,0,0,0,0,0,0,0,0,0,0
111,17,005,006,10,17005006,0,0,0,0,0,0,0,0,0,0,0,0,0,0,0
111,17,005,006,11,17005006,0,0,0,0,0,0,0,0,0,0,0,0,0,0,0
111,17,005,006,12,17005006,0,0,0,0,0,0,0,0,0,0,0,0,0,0,0
111,17,005,006,13,17005006,0,0,0,0,0,0,0,0,0,0,0,0,0,0,0
111,17,005,006,17,17005006,0,0,0,0,0,0,0,0,0,0,0,0,0,0,0
111,17,005,006,18,17005006,0,0,0,0,0,0,0,0,0,0,0,0,0,0,0
111,17,005,006,19,17005006,0,0,0,0,0,0,0,0,0,0,0,0,0,0,0
111,17,005,006,20,17005006,0,0,0,0,0,0,0,0,0,0,0,0,0,0,0
111,17,005,006,21,17005006,0,0,0,0,0,0,0,0,0,0,0,0,0,0,0
111,17,005,007,09,17005007,0,0,0,0,0,0,0,0,0,0,0,0,0,0,0
111,17,005,007,10,17005007,0,0,0,0,0,0,0,0,0,0,0,0,0,0,0
111,17,005,007,11,17005007,0,0,0,0,0,0,0,0,0,0,0,0,0,0,0
111,17,005,007,12,17005007,0,0,0,0,0,0,0,0,0,0,0,0,0,0,0
111,17,005,007,13,17005007,0,0,0,0,0,0,0,0,0,0,0,0,0,0,0
111,17,005,007,17,17005007,0,0,0,0,0,0,0,0,0,0,0,0,0,0,0
111,17,005,007,18,17005007,0,0,0,0,0,0,0,0,0,0,0,0,0,0,0
111,17,005,007,19,17005007,0,0,0,0,0,0,0,0,0,0,0,0,0,0,0
111,17,005,007,20,17005007,0,0,0,0,0,0,0,0,0,0,0,0,0,0,0
111,17,005,007,21,17005007,0,0,0,0,0,0,0,0,0,0,0,0,0,0,0
111,17,005,008,09,17005008,0,0,0,0,0,0,0,0,0,0,0,0,0,0,0
111,17,005,008,10,17005008,0,0,0,0,0,0,0,0,0,0,0,0,0,0,0
111,17,005,008,11,17005008,0,0,0,0,0,0,0,0,0,0,0,0,0,0,0
111,17,005,008,12,17005008,0,0,0,0,0,0,0,0,0,0,0,0,0,0,0
111,17,005,008,13,17005008,0,0,0,0,0,0,0,0,0,0,0,0,0,0,0
111,17,005,008,17,17005008,0,0,0,0,0,0,0,0,0,0,0,0,0,0,0
111,17,005,008,18,17005008,0,0,0,0,0,0,0,0,0,0,0,0,0,0,0
111,17,005,008,19,17005008,0,0,0,0,0,0,0,0,0,0,0,0,0,0,0
111,17,005,008,20,17005008,0,0,0,0,0,0,0,0,0,0,0,0,0,0,0
111,17,005,008,21,17005008,0,0,0,0,0,0,0,0,0,0,0,0,0,0,0
111,17,005,009,09,17005009,0,0,0,0,0,0,0,0,0,0,0,0,0,0,0
111,17,005,009,10,17005009,0,0,0,0,0,0,0,0,0,0,0,0,0,0,0
111,17,005,009,11,17005009,0,0,0,0,0,0,0,0,0,0,0,0,0,0,0
111,17,005,009,12,17005009,0,0,0,0,0,0,0,0,0,0,0,0,0,0,0
111,17,005,009,13,17005009,0,0,0,0,0,0,0,0,0,0,0,0,0,0,0
111,17,005,009,17,17005009,0,0,0,0,0,0,0,0,0,0,0,0,0,0,0
111,17,005,009,18,17005009,0,0,0,0,0,0,0,0,0,0,0,0,0,0,0
111,17,005,009,19,17005009,0,0,0,0,0,0,0,0,0,0,0,0,0,0,0
111,17,005,009,20,17005009,0,0,0,0,0,0,0,0,0,0,0,0,0,0,0
111,17,005,009,21,17005009,0,0,0,0,0,0,0,0,0,0,0,0,0,0,0
111,17,005,010,09,17005010,0,0,0,0,0,0,0,0,0,0,0,0,0,0,0
111,17,005,010,10,17005010,0,0,0,0,0,0,0,0,0,0,0,0,0,0,0
111,17,005,010,11,17005010,0,0,0,0,0,0,0,0,0,0,0,0,0,0,0
111,17,005,010,12,17005010,0,0,0,0,0,0,0,0,0,0,0,0,0,0,0
111,17,005,010,13,17005010,0,0,0,0,0,0,0,0,0,0,0,0,0,0,0
111,17,005,010,17,17005010,0,0,0,0,0,0,0,0,0,0,0,0,0,0,0
111,17,005,010,18,17005010,0,0,0,0,0,0,0,0,0,0,0,0,0,0,0
111,17,005,010,19,17005010,0,0,0,0,0,0,0,0,0,0,0,0,0,0,0
111,17,005,010,20,17005010,0,0,0,0,0,0,0,0,0,0,0,0,0,0,0
111,17,005,010,21,17005010,0,0,0,0,0,0,0,0,0,0,0,0,0,0,0
111,17,005,011,09,17005011,0,0,0,0,0,0,0,0,0,0,0,0,0,0,0
111,17,005,011,10,17005011,0,0,0,0,0,0,0,0,0,0,0,0,0,0,0
111,17,005,011,11,17005011,0,0,0,0,0,0,0,0,0,0,0,0,0,0,0
111,17,005,011,12,17005011,0,0,0,0,0,0,0,0,0,0,0,0,0,0,0
111,17,005,011,13,17005011,0,0,0,0,0,0,0,0,0,0,0,0,0,0,0
111,17,005,011,17,17005011,0,0,0,0,0,0,0,0,0,0,0,0,0,0,0
111,17,005,011,18,17005011,0,0,0,0,0,0,0,0,0,0,0,0,0,0,0
111,17,005,011,19,17005011,0,0,0,0,0,0,0,0,0,0,0,0,0,0,0
111,17,005,011,20,17005011,0,0,0,0,0,0,0,0,0,0,0,0,0,0,0
111,17,005,011,21,17005011,0,0,0,0,0,0,0,0,0,0,0,0,0,0,0
111,17,005,012,09,17005012,0,0,0,0,0,0,0,0,0,0,0,0,0,0,0
111,17,005,012,10,17005012,0,0,0,0,0,0,0,0,0,0,0,0,0,0,0
111,17,005,012,11,17005012,0,0,0,0,0,0,0,0,0,0,0,0,0,0,0
111,17,005,012,12,17005012,0,0,0,0,0,0,0,0,0,0,0,0,0,0,0
111,17,005,012,13,17005012,0,0,0,0,0,0,0,0,0,0,0,0,0,0,0
111,17,005,012,17,17005012,0,0,0,0,0,0,0,0,0,0,0,0,0,0,0
111,17,005,012,18,17005012,0,0,0,0,0,0,0,0,0,0,0,0,0,0,0
111,17,005,012,19,17005012,0,0,0,0,0,0,0,0,0,0,0,0,0,0,0
111,17,005,012,20,17005012,0,0,0,0,0,0,0,0,0,0,0,0,0,0,0
111,17,005,012,21,17005012,0,0,0,0,0,0,0,0,0,0,0,0,0,0,0
111,17,005,013,09,17005013,0,0,0,0,0,0,0,0,0,0,0,0,0,0,0
111,17,005,013,10,17005013,0,0,0,0,0,0,0,0,0,0,0,0,0,0,0
111,17,005,013,11,17005013,0,0,0,0,0,0,0,0,0,0,0,0,0,0,0
111,17,005,013,12,17005013,0,0,0,0,0,0,0,0,0,0,0,0,0,0,0
111,17,005,013,13,17005013,0,0,0,0,0,0,0,0,0,0,0,0,0,0,0
111,17,005,013,17,17005013,0,0,0,0,0,0,0,0,0,0,0,0,0,0,0
111,17,005,013,18,17005013,0,0,0,0,0,0,0,0,0,0,0,0,0,0,0
111,17,005,013,19,17005013,0,0,0,0,0,0,0,0,0,0,0,0,0,0,0
111,17,005,013,20,17005013,0,0,0,0,0,0,0,0,0,0,0,0,0,0,0
111,17,005,013,21,17005013,0,0,0,0,0,0,0,0,0,0,0,0,0,0,0
111,17,005,014,09,17005014,0,0,0,0,0,0,0,0,0,0,0,0,0,0,0
111,17,005,014,10,17005014,0,0,0,0,0,0,0,0,0,0,0,0,0,0,0
111,17,005,014,11,17005014,0,0,0,0,0,0,0,0,0,0,0,0,0,0,0
111,17,005,014,12,17005014,0,0,0,0,0,0,0,0,0,0,0,0,0,0,0
111,17,005,014,13,17005014,0,0,0,0,0,0,0,0,0,0,0,0,0,0,0
111,17,005,014,17,17005014,0,0,0,0,0,0,0,0,0,0,0,0,0,0,0
111,17,005,014,18,17005014,0,0,0,0,0,0,0,0,0,0,0,0,0,0,0
111,17,005,014,19,17005014,0,0,0,0,0,0,0,0,0,0,0,0,0,0,0
111,17,005,014,20,17005014,0,0,0,0,0,0,0,0,0,0,0,0,0,0,0
111,17,005,014,21,17005014,0,0,0,0,0,0,0,0,0,0,0,0,0,0,0
111,17,005,015,09,17005015,0,0,0,0,0,0,0,0,0,0,0,0,0,0,0
111,17,005,015,10,17005015,0,0,0,0,0,0,0,0,0,0,0,0,0,0,0
111,17,005,015,11,17005015,0,0,0,0,0,0,0,0,0,0,0,0,0,0,0
111,17,005,015,12,17005015,0,0,0,0,0,0,0,0,0,0,0,0,0,0,0
111,17,005,015,13,17005015,0,0,0,0,0,0,0,0,0,0,0,0,0,0,0
111,17,005,015,17,17005015,0,0,0,0,0,0,0,0,0,0,0,0,0,0,0
111,17,005,015,18,17005015,0,0,0,0,0,0,0,0,0,0,0,0,0,0,0
111,17,005,015,19,17005015,0,0,0,0,0,0,0,0,0,0,0,0,0,0,0
111,17,005,015,20,17005015,0,0,0,0,0,0,0,0,0,0,0,0,0,0,0
111,17,005,015,21,17005015,0,0,0,0,0,0,0,0,0,0,0,0,0,0,0
111,17,005,016,09,17005016,0,0,0,0,0,0,0,0,0,0,0,0,0,0,0
111,17,005,016,10,17005016,0,0,0,0,0,0,0,0,0,0,0,0,0,0,0
111,17,005,016,11,17005016,0,0,0,0,0,0,0,0,0,0,0,0,0,0,0
111,17,005,016,12,17005016,0,0,0,0,0,0,0,0,0,0,0,0,0,0,0
111,17,005,016,13,17005016,0,0,0,0,0,0,0,0,0,0,0,0,0,0,0
111,17,005,016,17,17005016,0,0,0,0,0,0,0,0,0,0,0,0,0,0,0
111,17,005,016,18,17005016,0,0,0,0,0,0,0,0,0,0,0,0,0,0,0
111,17,005,016,19,17005016,0,0,0,0,0,0,0,0,0,0,0,0,0,0,0
111,17,005,016,20,17005016,0,0,0,0,0,0,0,0,0,0,0,0,0,0,0
111,17,005,016,21,17005016,0,0,0,0,0,0,0,0,0,0,0,0,0,0,0
111,17,006,001,09,17006001,0,0,0,0,0,0,0,0,0,0,0,0,0,0,0
111,17,006,001,10,17006001,0,0,0,0,0,0,0,0,0,0,0,0,0,0,0
111,17,006,001,11,17006001,0,0,0,0,0,0,0,0,0,0,0,0,0,0,0
111,17,006,001,12,17006001,0,0,0,0,0,0,0,0,0,0,0,0,0,0,0
111,17,006,001,13,17006001,0,0,0,0,0,0,0,0,0,0,0,0,0,0,0
111,17,006,001,17,17006001,0,0,0,0,0,0,0,0,0,0,0,0,0,0,0
111,17,006,001,18,17006001,0,0,0,0,0,0,0,0,0,0,0,0,0,0,0
111,17,006,001,19,17006001,0,0,0,0,0,0,0,0,0,0,0,0,0,0,0
111,17,006,001,20,17006001,0,0,0,0,0,0,0,0,0,0,0,0,0,0,0
111,17,006,001,21,17006001,0,0,0,0,0,0,0,0,0,0,0,0,0,0,0
111,17,006,002,09,17006002,0,0,0,0,0,0,0,0,0,0,0,0,0,0,0
111,17,006,002,10,17006002,0,0,0,0,0,0,0,0,0,0,0,0,0,0,0
111,17,006,002,11,17006002,0,0,0,0,0,0,0,0,0,0,0,0,0,0,0
111,17,006,002,12,17006002,0,0,0,0,0,0,0,0,0,0,0,0,0,0,0
111,17,006,002,13,17006002,0,0,0,0,0,0,0,0,0,0,0,0,0,0,0
111,17,006,002,17,17006002,0,0,0,0,0,0,0,0,0,0,0,0,0,0,0
111,17,006,002,18,17006002,0,0,0,0,0,0,0,0,0,0,0,0,0,0,0
111,17,006,002,19,17006002,0,0,0,0,0,0,0,0,0,0,0,0,0,0,0
111,17,006,002,20,17006002,0,0,0,0,0,0,0,0,0,0,0,0,0,0,0
111,17,006,002,21,17006002,0,0,0,0,0,0,0,0,0,0,0,0,0,0,0
111,17,006,003,09,17006003,0,0,0,0,0,0,0,0,0,0,0,0,0,0,0
111,17,006,003,10,17006003,0,0,0,0,0,0,0,0,0,0,0,0,0,0,0
111,17,006,003,11,17006003,0,0,0,0,0,0,0,0,0,0,0,0,0,0,0
111,17,006,003,12,17006003,0,0,0,0,0,0,0,0,0,0,0,0,0,0,0
111,17,006,003,13,17006003,0,0,0,0,0,0,0,0,0,0,0,0,0,0,0
111,17,006,003,17,17006003,0,0,0,0,0,0,0,0,0,0,0,0,0,0,0
111,17,006,003,18,17006003,0,0,0,0,0,0,0,0,0,0,0,0,0,0,0
111,17,006,003,19,17006003,0,0,0,0,0,0,0,0,0,0,0,0,0,0,0
111,17,006,003,20,17006003,0,0,0,0,0,0,0,0,0,0,0,0,0,0,0
111,17,006,003,21,17006003,0,0,0,0,0,0,0,0,0,0,0,0,0,0,0
111,17,006,004,09,17006004,0,0,0,0,0,0,0,0,0,0,0,0,0,0,0
111,17,006,004,10,17006004,0,0,0,0,0,0,0,0,0,0,0,0,0,0,0
111,17,006,004,11,17006004,0,0,0,0,0,0,0,0,0,0,0,0,0,0,0
111,17,006,004,12,17006004,0,0,0,0,0,0,0,0,0,0,0,0,0,0,0
111,17,006,004,13,17006004,0,0,0,0,0,0,0,0,0,0,0,0,0,0,0
111,17,006,004,17,17006004,0,0,0,0,0,0,0,0,0,0,0,0,0,0,0
111,17,006,004,18,17006004,0,0,0,0,0,0,0,0,0,0,0,0,0,0,0
111,17,006,004,19,17006004,0,0,0,0,0,0,0,0,0,0,0,0,0,0,0
111,17,006,004,20,17006004,0,0,0,0,0,0,0,0,0,0,0,0,0,0,0
111,17,006,004,21,17006004,0,0,0,0,0,0,0,0,0,0,0,0,0,0,0
111,17,006,005,09,17006005,0,0,0,0,0,0,0,0,0,0,0,0,0,0,0
111,17,006,005,10,17006005,0,0,0,0,0,0,0,0,0,0,0,0,0,0,0
111,17,006,005,11,17006005,0,0,0,0,0,0,0,0,0,0,0,0,0,0,0
111,17,006,005,12,17006005,0,0,0,0,0,0,0,0,0,0,0,0,0,0,0
111,17,006,005,13,17006005,0,0,0,0,0,0,0,0,0,0,0,0,0,0,0
111,17,006,005,17,17006005,0,0,0,0,0,0,0,0,0,0,0,0,0,0,0
111,17,006,005,18,17006005,0,0,0,0,0,0,0,0,0,0,0,0,0,0,0
111,17,006,005,19,17006005,0,0,0,0,0,0,0,0,0,0,0,0,0,0,0
111,17,006,005,20,17006005,0,0,0,0,0,0,0,0,0,0,0,0,0,0,0
111,17,006,005,21,17006005,0,0,0,0,0,0,0,0,0,0,0,0,0,0,0
111,17,006,006,09,17006006,0,0,0,0,0,0,0,0,0,0,0,0,0,0,0
111,17,006,006,10,17006006,0,0,0,0,0,0,0,0,0,0,0,0,0,0,0
111,17,006,006,11,17006006,0,0,0,0,0,0,0,0,0,0,0,0,0,0,0
111,17,006,006,12,17006006,0,0,0,0,0,0,0,0,0,0,0,0,0,0,0
111,17,006,006,13,17006006,0,0,0,0,0,0,0,0,0,0,0,0,0,0,0
111,17,006,006,17,17006006,0,0,0,0,0,0,0,0,0,0,0,0,0,0,0
111,17,006,006,18,17006006,0,0,0,0,0,0,0,0,0,0,0,0,0,0,0
111,17,006,006,19,17006006,0,0,0,0,0,0,0,0,0,0,0,0,0,0,0
111,17,006,006,20,17006006,0,0,0,0,0,0,0,0,0,0,0,0,0,0,0
111,17,006,006,21,17006006,0,0,0,0,0,0,0,0,0,0,0,0,0,0,0
111,17,006,007,09,17006007,0,0,0,0,0,0,0,0,0,0,0,0,0,0,0
111,17,006,007,10,17006007,0,0,0,0,0,0,0,0,0,0,0,0,0,0,0
111,17,006,007,11,17006007,0,0,0,0,0,0,0,0,0,0,0,0,0,0,0
111,17,006,007,12,17006007,0,0,0,0,0,0,0,0,0,0,0,0,0,0,0
111,17,006,007,13,17006007,0,0,0,0,0,0,0,0,0,0,0,0,0,0,0
111,17,006,007,17,17006007,0,0,0,0,0,0,0,0,0,0,0,0,0,0,0
111,17,006,007,18,17006007,0,0,0,0,0,0,0,0,0,0,0,0,0,0,0
111,17,006,007,19,17006007,0,0,0,0,0,0,0,0,0,0,0,0,0,0,0
111,17,006,007,20,17006007,0,0,0,0,0,0,0,0,0,0,0,0,0,0,0
111,17,006,007,21,17006007,0,0,0,0,0,0,0,0,0,0,0,0,0,0,0
111,17,006,008,09,17006008,0,0,0,0,0,0,0,0,0,0,0,0,0,0,0
111,17,006,008,10,17006008,0,0,0,0,0,0,0,0,0,0,0,0,0,0,0
111,17,006,008,11,17006008,0,0,0,0,0,0,0,0,0,0,0,0,0,0,0
111,17,006,008,12,17006008,0,0,0,0,0,0,0,0,0,0,0,0,0,0,0
111,17,006,008,13,17006008,0,0,0,0,0,0,0,0,0,0,0,0,0,0,0
111,17,006,008,17,17006008,0,0,0,0,0,0,0,0,0,0,0,0,0,0,0
111,17,006,008,18,17006008,0,0,0,0,0,0,0,0,0,0,0,0,0,0,0
111,17,006,008,19,17006008,0,0,0,0,0,0,0,0,0,0,0,0,0,0,0
111,17,006,008,20,17006008,0,0,0,0,0,0,0,0,0,0,0,0,0,0,0
111,17,006,008,21,17006008,0,0,0,0,0,0,0,0,0,0,0,0,0,0,0
111,17,006,009,09,17006009,0,0,0,0,0,0,0,0,0,0,0,0,0,0,0
111,17,006,009,10,17006009,0,0,0,0,0,0,0,0,0,0,0,0,0,0,0
111,17,006,009,11,17006009,0,0,0,0,0,0,0,0,0,0,0,0,0,0,0
111,17,006,009,12,17006009,0,0,0,0,0,0,0,0,0,0,0,0,0,0,0
111,17,006,009,13,17006009,0,0,0,0,0,0,0,0,0,0,0,0,0,0,0
111,17,006,009,17,17006009,0,0,0,0,0,0,0,0,0,0,0,0,0,0,0
111,17,006,009,18,17006009,0,0,0,0,0,0,0,0,0,0,0,0,0,0,0
111,17,006,009,19,17006009,0,0,0,0,0,0,0,0,0,0,0,0,0,0,0
111,17,006,009,20,17006009,0,0,0,0,0,0,0,0,0,0,0,0,0,0,0
111,17,006,009,21,17006009,0,0,0,0,0,0,0,0,0,0,0,0,0,0,0
111,17,006,010,09,17006010,0,0,0,0,0,0,0,0,0,0,0,0,0,0,0
111,17,006,010,10,17006010,0,0,0,0,0,0,0,0,0,0,0,0,0,0,0
111,17,006,010,11,17006010,0,0,0,0,0,0,0,0,0,0,0,0,0,0,0
111,17,006,010,12,17006010,0,0,0,0,0,0,0,0,0,0,0,0,0,0,0
111,17,006,010,13,17006010,0,0,0,0,0,0,0,0,0,0,0,0,0,0,0
111,17,006,010,17,17006010,0,0,0,0,0,0,0,0,0,0,0,0,0,0,0
111,17,006,010,18,17006010,0,0,0,0,0,0,0,0,0,0,0,0,0,0,0
111,17,006,010,19,17006010,0,0,0,0,0,0,0,0,0,0,0,0,0,0,0
111,17,006,010,20,17006010,0,0,0,0,0,0,0,0,0,0,0,0,0,0,0
111,17,006,010,21,17006010,0,0,0,0,0,0,0,0,0,0,0,0,0,0,0
111,17,006,011,09,17006011,0,0,0,0,0,0,0,0,0,0,0,0,0,0,0
111,17,006,011,10,17006011,0,0,0,0,0,0,0,0,0,0,0,0,0,0,0
111,17,006,011,11,17006011,0,0,0,0,0,0,0,0,0,0,0,0,0,0,0
111,17,006,011,12,17006011,0,0,0,0,0,0,0,0,0,0,0,0,0,0,0
111,17,006,011,13,17006011,0,0,0,0,0,0,0,0,0,0,0,0,0,0,0
111,17,006,011,17,17006011,0,0,0,0,0,0,0,0,0,0,0,0,0,0,0
111,17,006,011,18,17006011,0,0,0,0,0,0,0,0,0,0,0,0,0,0,0
111,17,006,011,19,17006011,0,0,0,0,0,0,0,0,0,0,0,0,0,0,0
111,17,006,011,20,17006011,0,0,0,0,0,0,0,0,0,0,0,0,0,0,0
111,17,006,011,21,17006011,0,0,0,0,0,0,0,0,0,0,0,0,0,0,0
111,17,006,012,09,17006012,0,0,0,0,0,0,0,0,0,0,0,0,0,0,0
111,17,006,012,10,17006012,0,0,0,0,0,0,0,0,0,0,0,0,0,0,0
111,17,006,012,11,17006012,0,0,0,0,0,0,0,0,0,0,0,0,0,0,0
111,17,006,012,12,17006012,0,0,0,0,0,0,0,0,0,0,0,0,0,0,0
111,17,006,012,13,17006012,0,0,0,0,0,0,0,0,0,0,0,0,0,0,0
111,17,006,012,17,17006012,0,0,0,0,0,0,0,0,0,0,0,0,0,0,0
111,17,006,012,18,17006012,0,0,0,0,0,0,0,0,0,0,0,0,0,0,0
111,17,006,012,19,17006012,0,0,0,0,0,0,0,0,0,0,0,0,0,0,0
111,17,006,012,20,17006012,0,0,0,0,0,0,0,0,0,0,0,0,0,0,0
111,17,006,012,21,17006012,0,0,0,0,0,0,0,0,0,0,0,0,0,0,0
111,17,006,013,09,17006013,0,0,0,0,0,0,0,0,0,0,0,0,0,0,0
111,17,006,013,10,17006013,0,0,0,0,0,0,0,0,0,0,0,0,0,0,0
111,17,006,013,11,17006013,0,0,0,0,0,0,0,0,0,0,0,0,0,0,0
111,17,006,013,12,17006013,0,0,0,0,0,0,0,0,0,0,0,0,0,0,0
111,17,006,013,13,17006013,0,0,0,0,0,0,0,0,0,0,0,0,0,0,0
111,17,006,013,17,17006013,0,0,0,0,0,0,0,0,0,0,0,0,0,0,0
111,17,006,013,18,17006013,0,0,0,0,0,0,0,0,0,0,0,0,0,0,0
111,17,006,013,19,17006013,0,0,0,0,0,0,0,0,0,0,0,0,0,0,0
111,17,006,013,20,17006013,0,0,0,0,0,0,0,0,0,0,0,0,0,0,0
111,17,006,013,21,17006013,0,0,0,0,0,0,0,0,0,0,0,0,0,0,0
111,17,006,014,09,17006014,0,0,0,0,0,0,0,0,0,0,0,0,0,0,0
111,17,006,014,10,17006014,0,0,0,0,0,0,0,0,0,0,0,0,0,0,0
111,17,006,014,11,17006014,0,0,0,0,0,0,0,0,0,0,0,0,0,0,0
111,17,006,014,12,17006014,0,0,0,0,0,0,0,0,0,0,0,0,0,0,0
111,17,006,014,13,17006014,0,0,0,0,0,0,0,0,0,0,0,0,0,0,0
111,17,006,014,17,17006014,0,0,0,0,0,0,0,0,0,0,0,0,0,0,0
111,17,006,014,18,17006014,0,0,0,0,0,0,0,0,0,0,0,0,0,0,0
111,17,006,014,19,17006014,0,0,0,0,0,0,0,0,0,0,0,0,0,0,0
111,17,006,014,20,17006014,0,0,0,0,0,0,0,0,0,0,0,0,0,0,0
111,17,006,014,21,17006014,0,0,0,0,0,0,0,0,0,0,0,0,0,0,0
111,17,006,015,09,17006015,0,0,0,0,0,0,0,0,0,0,0,0,0,0,0
111,17,006,015,10,17006015,0,0,0,0,0,0,0,0,0,0,0,0,0,0,0
111,17,006,015,11,17006015,0,0,0,0,0,0,0,0,0,0,0,0,0,0,0
111,17,006,015,12,17006015,0,0,0,0,0,0,0,0,0,0,0,0,0,0,0
111,17,006,015,13,17006015,0,0,0,0,0,0,0,0,0,0,0,0,0,0,0
111,17,006,015,17,17006015,0,0,0,0,0,0,0,0,0,0,0,0,0,0,0
111,17,006,015,18,17006015,0,0,0,0,0,0,0,0,0,0,0,0,0,0,0
111,17,006,015,19,17006015,0,0,0,0,0,0,0,0,0,0,0,0,0,0,0
111,17,006,015,20,17006015,0,0,0,0,0,0,0,0,0,0,0,0,0,0,0
111,17,006,015,21,17006015,0,0,0,0,0,0,0,0,0,0,0,0,0,0,0
111,17,006,016,09,17006016,0,0,0,0,0,0,0,0,0,0,0,0,0,0,0
111,17,006,016,10,17006016,0,0,0,0,0,0,0,0,0,0,0,0,0,0,0
111,17,006,016,11,17006016,0,0,0,0,0,0,0,0,0,0,0,0,0,0,0
111,17,006,016,12,17006016,0,0,0,0,0,0,0,0,0,0,0,0,0,0,0
111,17,006,016,13,17006016,0,0,0,0,0,0,0,0,0,0,0,0,0,0,0
111,17,006,016,17,17006016,0,0,0,0,0,0,0,0,0,0,0,0,0,0,0
111,17,006,016,18,17006016,0,0,0,0,0,0,0,0,0,0,0,0,0,0,0
111,17,006,016,19,17006016,0,0,0,0,0,0,0,0,0,0,0,0,0,0,0
111,17,006,016,20,17006016,0,0,0,0,0,0,0,0,0,0,0,0,0,0,0
111,17,006,016,21,17006016,0,0,0,0,0,0,0,0,0,0,0,0,0,0,0
111,17,006,017,09,17006017,0,0,0,0,0,0,0,0,0,0,0,0,0,0,0
111,17,006,017,10,17006017,0,0,0,0,0,0,0,0,0,0,0,0,0,0,0
111,17,006,017,11,17006017,0,0,0,0,0,0,0,0,0,0,0,0,0,0,0
111,17,006,017,12,17006017,0,0,0,0,0,0,0,0,0,0,0,0,0,0,0
111,17,006,017,13,17006017,0,0,0,0,0,0,0,0,0,0,0,0,0,0,0
111,17,006,017,17,17006017,0,0,0,0,0,0,0,0,0,0,0,0,0,0,0
111,17,006,017,18,17006017,0,0,0,0,0,0,0,0,0,0,0,0,0,0,0
111,17,006,017,19,17006017,0,0,0,0,0,0,0,0,0,0,0,0,0,0,0
111,17,006,017,20,17006017,0,0,0,0,0,0,0,0,0,0,0,0,0,0,0
111,17,006,017,21,17006017,0,0,0,0,0,0,0,0,0,0,0,0,0,0,0
111,17,006,018,09,17006018,0,0,0,0,0,0,0,0,0,0,0,0,0,0,0
111,17,006,018,10,17006018,0,0,0,0,0,0,0,0,0,0,0,0,0,0,0
111,17,006,018,11,17006018,0,0,0,0,0,0,0,0,0,0,0,0,0,0,0
111,17,006,018,12,17006018,0,0,0,0,0,0,0,0,0,0,0,0,0,0,0
111,17,006,018,13,17006018,0,0,0,0,0,0,0,0,0,0,0,0,0,0,0
111,17,006,018,17,17006018,0,0,0,0,0,0,0,0,0,0,0,0,0,0,0
111,17,006,018,18,17006018,0,0,0,0,0,0,0,0,0,0,0,0,0,0,0
111,17,006,018,19,17006018,0,0,0,0,0,0,0,0,0,0,0,0,0,0,0
111,17,006,018,20,17006018,0,0,0,0,0,0,0,0,0,0,0,0,0,0,0
111,17,006,018,21,17006018,0,0,0,0,0,0,0,0,0,0,0,0,0,0,0
111,17,006,019,09,17006019,0,0,0,0,0,0,0,0,0,0,0,0,0,0,0
111,17,006,019,10,17006019,0,0,0,0,0,0,0,0,0,0,0,0,0,0,0
111,17,006,019,11,17006019,0,0,0,0,0,0,0,0,0,0,0,0,0,0,0
111,17,006,019,12,17006019,0,0,0,0,0,0,0,0,0,0,0,0,0,0,0
111,17,006,019,13,17006019,0,0,0,0,0,0,0,0,0,0,0,0,0,0,0
111,17,006,019,17,17006019,0,0,0,0,0,0,0,0,0,0,0,0,0,0,0
111,17,006,019,18,17006019,0,0,0,0,0,0,0,0,0,0,0,0,0,0,0
111,17,006,019,19,17006019,0,0,0,0,0,0,0,0,0,0,0,0,0,0,0
111,17,006,019,20,17006019,0,0,0,0,0,0,0,0,0,0,0,0,0,0,0
111,17,006,019,21,17006019,0,0,0,0,0,0,0,0,0,0,0,0,0,0,0
111,17,006,020,09,17006020,0,0,0,0,0,0,0,0,0,0,0,0,0,0,0
111,17,006,020,10,17006020,0,0,0,0,0,0,0,0,0,0,0,0,0,0,0
111,17,006,020,11,17006020,0,0,0,0,0,0,0,0,0,0,0,0,0,0,0
111,17,006,020,12,17006020,0,0,0,0,0,0,0,0,0,0,0,0,0,0,0
111,17,006,020,13,17006020,0,0,0,0,0,0,0,0,0,0,0,0,0,0,0
111,17,006,020,17,17006020,0,0,0,0,0,0,0,0,0,0,0,0,0,0,0
111,17,006,020,18,17006020,0,0,0,0,0,0,0,0,0,0,0,0,0,0,0
111,17,006,020,19,17006020,0,0,0,0,0,0,0,0,0,0,0,0,0,0,0
111,17,006,020,20,17006020,0,0,0,0,0,0,0,0,0,0,0,0,0,0,0
111,17,006,020,21,17006020,0,0,0,0,0,0,0,0,0,0,0,0,0,0,0
111,17,006,021,09,17006021,0,0,0,0,0,0,0,0,0,0,0,0,0,0,0
111,17,006,021,10,17006021,0,0,0,0,0,0,0,0,0,0,0,0,0,0,0
111,17,006,021,11,17006021,0,0,0,0,0,0,0,0,0,0,0,0,0,0,0
111,17,006,021,12,17006021,0,0,0,0,0,0,0,0,0,0,0,0,0,0,0
111,17,006,021,13,17006021,0,0,0,0,0,0,0,0,0,0,0,0,0,0,0
111,17,006,021,17,17006021,0,0,0,0,0,0,0,0,0,0,0,0,0,0,0
111,17,006,021,18,17006021,0,0,0,0,0,0,0,0,0,0,0,0,0,0,0
111,17,006,021,19,17006021,0,0,0,0,0,0,0,0,0,0,0,0,0,0,0
111,17,006,021,20,17006021,0,0,0,0,0,0,0,0,0,0,0,0,0,0,0
111,17,006,021,21,17006021,0,0,0,0,0,0,0,0,0,0,0,0,0,0,0
111,17,006,022,09,17006022,0,0,0,0,0,0,0,0,0,0,0,0,0,0,0
111,17,006,022,10,17006022,0,0,0,0,0,0,0,0,0,0,0,0,0,0,0
111,17,006,022,11,17006022,0,0,0,0,0,0,0,0,0,0,0,0,0,0,0
111,17,006,022,12,17006022,0,0,0,0,0,0,0,0,0,0,0,0,0,0,0
111,17,006,022,13,17006022,0,0,0,0,0,0,0,0,0,0,0,0,0,0,0
111,17,006,022,17,17006022,0,0,0,0,0,0,0,0,0,0,0,0,0,0,0
111,17,006,022,18,17006022,0,0,0,0,0,0,0,0,0,0,0,0,0,0,0
111,17,006,022,19,17006022,0,0,0,0,0,0,0,0,0,0,0,0,0,0,0
111,17,006,022,20,17006022,0,0,0,0,0,0,0,0,0,0,0,0,0,0,0
111,17,006,022,21,17006022,0,0,0,0,0,0,0,0,0,0,0,0,0,0,0
111,17,006,023,09,17006023,0,0,0,0,0,0,0,0,0,0,0,0,0,0,0
111,17,006,023,10,17006023,0,0,0,0,0,0,0,0,0,0,0,0,0,0,0
111,17,006,023,11,17006023,0,0,0,0,0,0,0,0,0,0,0,0,0,0,0
111,17,006,023,12,17006023,0,0,0,0,0,0,0,0,0,0,0,0,0,0,0
111,17,006,023,13,17006023,0,0,0,0,0,0,0,0,0,0,0,0,0,0,0
111,17,006,023,17,17006023,0,0,0,0,0,0,0,0,0,0,0,0,0,0,0
111,17,006,023,18,17006023,0,0,0,0,0,0,0,0,0,0,0,0,0,0,0
111,17,006,023,19,17006023,0,0,0,0,0,0,0,0,0,0,0,0,0,0,0
111,17,006,023,20,17006023,0,0,0,0,0,0,0,0,0,0,0,0,0,0,0
111,17,006,023,21,17006023,0,0,0,0,0,0,0,0,0,0,0,0,0,0,0
111,17,006,024,09,17006024,0,0,0,0,0,0,0,0,0,0,0,0,0,0,0
111,17,006,024,10,17006024,0,0,0,0,0,0,0,0,0,0,0,0,0,0,0
111,17,006,024,11,17006024,0,0,0,0,0,0,0,0,0,0,0,0,0,0,0
111,17,006,024,12,17006024,0,0,0,0,0,0,0,0,0,0,0,0,0,0,0
111,17,006,024,13,17006024,0,0,0,0,0,0,0,0,0,0,0,0,0,0,0
111,17,006,024,17,17006024,0,0,0,0,0,0,0,0,0,0,0,0,0,0,0
111,17,006,024,18,17006024,0,0,0,0,0,0,0,0,0,0,0,0,0,0,0
111,17,006,024,19,17006024,0,0,0,0,0,0,0,0,0,0,0,0,0,0,0
111,17,006,024,20,17006024,0,0,0,0,0,0,0,0,0,0,0,0,0,0,0
111,17,006,024,21,17006024,0,0,0,0,0,0,0,0,0,0,0,0,0,0,0
111,17,006,025,09,17006025,0,0,0,0,0,0,0,0,0,0,0,0,0,0,0
111,17,006,025,10,17006025,0,0,0,0,0,0,0,0,0,0,0,0,0,0,0
111,17,006,025,11,17006025,0,0,0,0,0,0,0,0,0,0,0,0,0,0,0
111,17,006,025,12,17006025,0,0,0,0,0,0,0,0,0,0,0,0,0,0,0
111,17,006,025,13,17006025,0,0,0,0,0,0,0,0,0,0,0,0,0,0,0
111,17,006,025,17,17006025,0,0,0,0,0,0,0,0,0,0,0,0,0,0,0
111,17,006,025,18,17006025,0,0,0,0,0,0,0,0,0,0,0,0,0,0,0
111,17,006,025,19,17006025,0,0,0,0,0,0,0,0,0,0,0,0,0,0,0
111,17,006,025,20,17006025,0,0,0,0,0,0,0,0,0,0,0,0,0,0,0
111,17,006,025,21,17006025,0,0,0,0,0,0,0,0,0,0,0,0,0,0,0
111,17,006,026,09,17006026,0,0,0,0,0,0,0,0,0,0,0,0,0,0,0
111,17,006,026,10,17006026,0,0,0,0,0,0,0,0,0,0,0,0,0,0,0
111,17,006,026,11,17006026,0,0,0,0,0,0,0,0,0,0,0,0,0,0,0
111,17,006,026,12,17006026,0,0,0,0,0,0,0,0,0,0,0,0,0,0,0
111,17,006,026,13,17006026,0,0,0,0,0,0,0,0,0,0,0,0,0,0,0
111,17,006,026,17,17006026,0,0,0,0,0,0,0,0,0,0,0,0,0,0,0
111,17,006,026,18,17006026,0,0,0,0,0,0,0,0,0,0,0,0,0,0,0
111,17,006,026,19,17006026,0,0,0,0,0,0,0,0,0,0,0,0,0,0,0
111,17,006,026,20,17006026,0,0,0,0,0,0,0,0,0,0,0,0,0,0,0
111,17,006,026,21,17006026,0,0,0,0,0,0,0,0,0,0,0,0,0,0,0
111,17,006,027,09,17006027,0,0,0,0,0,0,0,0,0,0,0,0,0,0,0
111,17,006,027,10,17006027,0,0,0,0,0,0,0,0,0,0,0,0,0,0,0
111,17,006,027,11,17006027,0,0,0,0,0,0,0,0,0,0,0,0,0,0,0
111,17,006,027,12,17006027,0,0,0,0,0,0,0,0,0,0,0,0,0,0,0
111,17,006,027,13,17006027,0,0,0,0,0,0,0,0,0,0,0,0,0,0,0
111,17,006,027,17,17006027,0,0,0,0,0,0,0,0,0,0,0,0,0,0,0
111,17,006,027,18,17006027,0,0,0,0,0,0,0,0,0,0,0,0,0,0,0
111,17,006,027,19,17006027,0,0,0,0,0,0,0,0,0,0,0,0,0,0,0
111,17,006,027,20,17006027,0,0,0,0,0,0,0,0,0,0,0,0,0,0,0
111,17,006,027,21,17006027,0,0,0,0,0,0,0,0,0,0,0,0,0,0,0
111,17,007,001,09,17007001,0,0,0,0,0,0,0,0,0,0,0,0,0,0,0
111,17,007,001,10,17007001,0,0,0,0,0,0,0,0,0,0,0,0,0,0,0
111,17,007,001,11,17007001,0,0,0,0,0,0,0,0,0,0,0,0,0,0,0
111,17,007,001,12,17007001,0,0,0,0,0,0,0,0,0,0,0,0,0,0,0
111,17,007,001,13,17007001,0,0,0,0,0,0,0,0,0,0,0,0,0,0,0
111,17,007,001,17,17007001,0,0,0,0,0,0,0,0,0,0,0,0,0,0,0
111,17,007,001,18,17007001,0,0,0,0,0,0,0,0,0,0,0,0,0,0,0
111,17,007,001,19,17007001,0,0,0,0,0,0,0,0,0,0,0,0,0,0,0
111,17,007,001,20,17007001,0,0,0,0,0,0,0,0,0,0,0,0,0,0,0
111,17,007,001,21,17007001,0,0,0,0,0,0,0,0,0,0,0,0,0,0,0
111,17,007,002,09,17007002,0,0,0,0,0,0,0,0,0,0,0,0,0,0,0
111,17,007,002,10,17007002,0,0,0,0,0,0,0,0,0,0,0,0,0,0,0
111,17,007,002,11,17007002,0,0,0,0,0,0,0,0,0,0,0,0,0,0,0
111,17,007,002,12,17007002,0,0,0,0,0,0,0,0,0,0,0,0,0,0,0
111,17,007,002,13,17007002,0,0,0,0,0,0,0,0,0,0,0,0,0,0,0
111,17,007,002,17,17007002,0,0,0,0,0,0,0,0,0,0,0,0,0,0,0
111,17,007,002,18,17007002,0,0,0,0,0,0,0,0,0,0,0,0,0,0,0
111,17,007,002,19,17007002,0,0,0,0,0,0,0,0,0,0,0,0,0,0,0
111,17,007,002,20,17007002,0,0,0,0,0,0,0,0,0,0,0,0,0,0,0
111,17,007,002,21,17007002,0,0,0,0,0,0,0,0,0,0,0,0,0,0,0
111,17,007,003,09,17007003,0,0,0,0,0,0,0,0,0,0,0,0,0,0,0
111,17,007,003,10,17007003,0,0,0,0,0,0,0,0,0,0,0,0,0,0,0
111,17,007,003,11,17007003,0,0,0,0,0,0,0,0,0,0,0,0,0,0,0
111,17,007,003,12,17007003,0,0,0,0,0,0,0,0,0,0,0,0,0,0,0
111,17,007,003,13,17007003,0,0,0,0,0,0,0,0,0,0,0,0,0,0,0
111,17,007,003,17,17007003,0,0,0,0,0,0,0,0,0,0,0,0,0,0,0
111,17,007,003,18,17007003,0,0,0,0,0,0,0,0,0,0,0,0,0,0,0
111,17,007,003,19,17007003,0,0,0,0,0,0,0,0,0,0,0,0,0,0,0
111,17,007,003,20,17007003,0,0,0,0,0,0,0,0,0,0,0,0,0,0,0
111,17,007,003,21,17007003,0,0,0,0,0,0,0,0,0,0,0,0,0,0,0
111,17,007,004,09,17007004,0,0,0,0,0,0,0,0,0,0,0,0,0,0,0
111,17,007,004,10,17007004,0,0,0,0,0,0,0,0,0,0,0,0,0,0,0
111,17,007,004,11,17007004,0,0,0,0,0,0,0,0,0,0,0,0,0,0,0
111,17,007,004,12,17007004,0,0,0,0,0,0,0,0,0,0,0,0,0,0,0
111,17,007,004,13,17007004,0,0,0,0,0,0,0,0,0,0,0,0,0,0,0
111,17,007,004,17,17007004,0,0,0,0,0,0,0,0,0,0,0,0,0,0,0
111,17,007,004,18,17007004,0,0,0,0,0,0,0,0,0,0,0,0,0,0,0
111,17,007,004,19,17007004,0,0,0,0,0,0,0,0,0,0,0,0,0,0,0
111,17,007,004,20,17007004,0,0,0,0,0,0,0,0,0,0,0,0,0,0,0
111,17,007,004,21,17007004,0,0,0,0,0,0,0,0,0,0,0,0,0,0,0
111,17,007,005,09,17007005,0,0,0,0,0,0,0,0,0,0,0,0,0,0,0
111,17,007,005,10,17007005,0,0,0,0,0,0,0,0,0,0,0,0,0,0,0
111,17,007,005,11,17007005,0,0,0,0,0,0,0,0,0,0,0,0,0,0,0
111,17,007,005,12,17007005,0,0,0,0,0,0,0,0,0,0,0,0,0,0,0
111,17,007,005,13,17007005,0,0,0,0,0,0,0,0,0,0,0,0,0,0,0
111,17,007,005,17,17007005,0,0,0,0,0,0,0,0,0,0,0,0,0,0,0
111,17,007,005,18,17007005,0,0,0,0,0,0,0,0,0,0,0,0,0,0,0
111,17,007,005,19,17007005,0,0,0,0,0,0,0,0,0,0,0,0,0,0,0
111,17,007,005,20,17007005,0,0,0,0,0,0,0,0,0,0,0,0,0,0,0
111,17,007,005,21,17007005,0,0,0,0,0,0,0,0,0,0,0,0,0,0,0
111,17,007,006,09,17007006,0,0,0,0,0,0,0,0,0,0,0,0,0,0,0
111,17,007,006,10,17007006,0,0,0,0,0,0,0,0,0,0,0,0,0,0,0
111,17,007,006,11,17007006,0,0,0,0,0,0,0,0,0,0,0,0,0,0,0
111,17,007,006,12,17007006,0,0,0,0,0,0,0,0,0,0,0,0,0,0,0
111,17,007,006,13,17007006,0,0,0,0,0,0,0,0,0,0,0,0,0,0,0
111,17,007,006,17,17007006,0,0,0,0,0,0,0,0,0,0,0,0,0,0,0
111,17,007,006,18,17007006,0,0,0,0,0,0,0,0,0,0,0,0,0,0,0
111,17,007,006,19,17007006,0,0,0,0,0,0,0,0,0,0,0,0,0,0,0
111,17,007,006,20,17007006,0,0,0,0,0,0,0,0,0,0,0,0,0,0,0
111,17,007,006,21,17007006,0,0,0,0,0,0,0,0,0,0,0,0,0,0,0
111,17,007,007,09,17007007,0,0,0,0,0,0,0,0,0,0,0,0,0,0,0
111,17,007,007,10,17007007,0,0,0,0,0,0,0,0,0,0,0,0,0,0,0
111,17,007,007,11,17007007,0,0,0,0,0,0,0,0,0,0,0,0,0,0,0
111,17,007,007,12,17007007,0,0,0,0,0,0,0,0,0,0,0,0,0,0,0
111,17,007,007,13,17007007,0,0,0,0,0,0,0,0,0,0,0,0,0,0,0
111,17,007,007,17,17007007,0,0,0,0,0,0,0,0,0,0,0,0,0,0,0
111,17,007,007,18,17007007,0,0,0,0,0,0,0,0,0,0,0,0,0,0,0
111,17,007,007,19,17007007,0,0,0,0,0,0,0,0,0,0,0,0,0,0,0
111,17,007,007,20,17007007,0,0,0,0,0,0,0,0,0,0,0,0,0,0,0
111,17,007,007,21,17007007,0,0,0,0,0,0,0,0,0,0,0,0,0,0,0
111,17,008,001,09,17008001,0,0,0,0,0,0,0,0,0,0,0,0,0,0,0
111,17,008,001,10,17008001,0,0,0,0,0,0,0,0,0,0,0,0,0,0,0
111,17,008,001,11,17008001,0,0,0,0,0,0,0,0,0,0,0,0,0,0,0
111,17,008,001,12,17008001,0,0,0,0,0,0,0,0,0,0,0,0,0,0,0
111,17,008,001,13,17008001,0,0,0,0,0,0,0,0,0,0,0,0,0,0,0
111,17,008,001,17,17008001,0,0,0,0,0,0,0,0,0,0,0,0,0,0,0
111,17,008,001,18,17008001,0,0,0,0,0,0,0,0,0,0,0,0,0,0,0
111,17,008,001,19,17008001,0,0,0,0,0,0,0,0,0,0,0,0,0,0,0
111,17,008,001,20,17008001,0,0,0,0,0,0,0,0,0,0,0,0,0,0,0
111,17,008,001,21,17008001,0,0,0,0,0,0,0,0,0,0,0,0,0,0,0
111,17,008,002,09,17008002,0,0,0,0,0,0,0,0,0,0,0,0,0,0,0
111,17,008,002,10,17008002,0,0,0,0,0,0,0,0,0,0,0,0,0,0,0
111,17,008,002,11,17008002,0,0,0,0,0,0,0,0,0,0,0,0,0,0,0
111,17,008,002,12,17008002,0,0,0,0,0,0,0,0,0,0,0,0,0,0,0
111,17,008,002,13,17008002,0,0,0,0,0,0,0,0,0,0,0,0,0,0,0
111,17,008,002,17,17008002,0,0,0,0,0,0,0,0,0,0,0,0,0,0,0
111,17,008,002,18,17008002,0,0,0,0,0,0,0,0,0,0,0,0,0,0,0
111,17,008,002,19,17008002,0,0,0,0,0,0,0,0,0,0,0,0,0,0,0
111,17,008,002,20,17008002,0,0,0,0,0,0,0,0,0,0,0,0,0,0,0
111,17,008,002,21,17008002,0,0,0,0,0,0,0,0,0,0,0,0,0,0,0
111,17,008,003,09,17008003,0,0,0,0,0,0,0,0,0,0,0,0,0,0,0
111,17,008,003,10,17008003,0,0,0,0,0,0,0,0,0,0,0,0,0,0,0
111,17,008,003,11,17008003,0,0,0,0,0,0,0,0,0,0,0,0,0,0,0
111,17,008,003,12,17008003,0,0,0,0,0,0,0,0,0,0,0,0,0,0,0
111,17,008,003,13,17008003,0,0,0,0,0,0,0,0,0,0,0,0,0,0,0
111,17,008,003,17,17008003,0,0,0,0,0,0,0,0,0,0,0,0,0,0,0
111,17,008,003,18,17008003,0,0,0,0,0,0,0,0,0,0,0,0,0,0,0
111,17,008,003,19,17008003,0,0,0,0,0,0,0,0,0,0,0,0,0,0,0
111,17,008,003,20,17008003,0,0,0,0,0,0,0,0,0,0,0,0,0,0,0
111,17,008,003,21,17008003,0,0,0,0,0,0,0,0,0,0,0,0,0,0,0
111,17,008,004,09,17008004,0,0,0,0,0,0,0,0,0,0,0,0,0,0,0
111,17,008,004,10,17008004,0,0,0,0,0,0,0,0,0,0,0,0,0,0,0
111,17,008,004,11,17008004,0,0,0,0,0,0,0,0,0,0,0,0,0,0,0
111,17,008,004,12,17008004,0,0,0,0,0,0,0,0,0,0,0,0,0,0,0
111,17,008,004,13,17008004,0,0,0,0,0,0,0,0,0,0,0,0,0,0,0
111,17,008,004,17,17008004,0,0,0,0,0,0,0,0,0,0,0,0,0,0,0
111,17,008,004,18,17008004,0,0,0,0,0,0,0,0,0,0,0,0,0,0,0
111,17,008,004,19,17008004,0,0,0,0,0,0,0,0,0,0,0,0,0,0,0
111,17,008,004,20,17008004,0,0,0,0,0,0,0,0,0,0,0,0,0,0,0
111,17,008,004,21,17008004,0,0,0,0,0,0,0,0,0,0,0,0,0,0,0
111,17,008,005,09,17008005,0,0,0,0,0,0,0,0,0,0,0,0,0,0,0
111,17,008,005,10,17008005,0,0,0,0,0,0,0,0,0,0,0,0,0,0,0
111,17,008,005,11,17008005,0,0,0,0,0,0,0,0,0,0,0,0,0,0,0
111,17,008,005,12,17008005,0,0,0,0,0,0,0,0,0,0,0,0,0,0,0
111,17,008,005,13,17008005,0,0,0,0,0,0,0,0,0,0,0,0,0,0,0
111,17,008,005,17,17008005,0,0,0,0,0,0,0,0,0,0,0,0,0,0,0
111,17,008,005,18,17008005,0,0,0,0,0,0,0,0,0,0,0,0,0,0,0
111,17,008,005,19,17008005,0,0,0,0,0,0,0,0,0,0,0,0,0,0,0
111,17,008,005,20,17008005,0,0,0,0,0,0,0,0,0,0,0,0,0,0,0
111,17,008,005,21,17008005,0,0,0,0,0,0,0,0,0,0,0,0,0,0,0
111,17,008,006,09,17008006,0,0,0,0,0,0,0,0,0,0,0,0,0,0,0
111,17,008,006,10,17008006,0,0,0,0,0,0,0,0,0,0,0,0,0,0,0
111,17,008,006,11,17008006,0,0,0,0,0,0,0,0,0,0,0,0,0,0,0
111,17,008,006,12,17008006,0,0,0,0,0,0,0,0,0,0,0,0,0,0,0
111,17,008,006,13,17008006,0,0,0,0,0,0,0,0,0,0,0,0,0,0,0
111,17,008,006,17,17008006,0,0,0,0,0,0,0,0,0,0,0,0,0,0,0
111,17,008,006,18,17008006,0,0,0,0,0,0,0,0,0,0,0,0,0,0,0
111,17,008,006,19,17008006,0,0,0,0,0,0,0,0,0,0,0,0,0,0,0
111,17,008,006,20,17008006,0,0,0,0,0,0,0,0,0,0,0,0,0,0,0
111,17,008,006,21,17008006,0,0,0,0,0,0,0,0,0,0,0,0,0,0,0
111,17,008,007,09,17008007,0,0,0,0,0,0,0,0,0,0,0,0,0,0,0
111,17,008,007,10,17008007,0,0,0,0,0,0,0,0,0,0,0,0,0,0,0
111,17,008,007,11,17008007,0,0,0,0,0,0,0,0,0,0,0,0,0,0,0
111,17,008,007,12,17008007,0,0,0,0,0,0,0,0,0,0,0,0,0,0,0
111,17,008,007,13,17008007,0,0,0,0,0,0,0,0,0,0,0,0,0,0,0
111,17,008,007,17,17008007,0,0,0,0,0,0,0,0,0,0,0,0,0,0,0
111,17,008,007,18,17008007,0,0,0,0,0,0,0,0,0,0,0,0,0,0,0
111,17,008,007,19,17008007,0,0,0,0,0,0,0,0,0,0,0,0,0,0,0
111,17,008,007,20,17008007,0,0,0,0,0,0,0,0,0,0,0,0,0,0,0
111,17,008,007,21,17008007,0,0,0,0,0,0,0,0,0,0,0,0,0,0,0
111,17,008,008,09,17008008,0,0,0,0,0,0,0,0,0,0,0,0,0,0,0
111,17,008,008,10,17008008,0,0,0,0,0,0,0,0,0,0,0,0,0,0,0
111,17,008,008,11,17008008,0,0,0,0,0,0,0,0,0,0,0,0,0,0,0
111,17,008,008,12,17008008,0,0,0,0,0,0,0,0,0,0,0,0,0,0,0
111,17,008,008,13,17008008,0,0,0,0,0,0,0,0,0,0,0,0,0,0,0
111,17,008,008,17,17008008,0,0,0,0,0,0,0,0,0,0,0,0,0,0,0
111,17,008,008,18,17008008,0,0,0,0,0,0,0,0,0,0,0,0,0,0,0
111,17,008,008,19,17008008,0,0,0,0,0,0,0,0,0,0,0,0,0,0,0
111,17,008,008,20,17008008,0,0,0,0,0,0,0,0,0,0,0,0,0,0,0
111,17,008,008,21,17008008,0,0,0,0,0,0,0,0,0,0,0,0,0,0,0
111,17,008,009,09,17008009,0,0,0,0,0,0,0,0,0,0,0,0,0,0,0
111,17,008,009,10,17008009,0,0,0,0,0,0,0,0,0,0,0,0,0,0,0
111,17,008,009,11,17008009,0,0,0,0,0,0,0,0,0,0,0,0,0,0,0
111,17,008,009,12,17008009,0,0,0,0,0,0,0,0,0,0,0,0,0,0,0
111,17,008,009,13,17008009,0,0,0,0,0,0,0,0,0,0,0,0,0,0,0
111,17,008,009,17,17008009,0,0,0,0,0,0,0,0,0,0,0,0,0,0,0
111,17,008,009,18,17008009,0,0,0,0,0,0,0,0,0,0,0,0,0,0,0
111,17,008,009,19,17008009,0,0,0,0,0,0,0,0,0,0,0,0,0,0,0
111,17,008,009,20,17008009,0,0,0,0,0,0,0,0,0,0,0,0,0,0,0
111,17,008,009,21,17008009,0,0,0,0,0,0,0,0,0,0,0,0,0,0,0
111,17,008,010,09,17008010,0,0,0,0,0,0,0,0,0,0,0,0,0,0,0
111,17,008,010,10,17008010,0,0,0,0,0,0,0,0,0,0,0,0,0,0,0
111,17,008,010,11,17008010,0,0,0,0,0,0,0,0,0,0,0,0,0,0,0
111,17,008,010,12,17008010,0,0,0,0,0,0,0,0,0,0,0,0,0,0,0
111,17,008,010,13,17008010,0,0,0,0,0,0,0,0,0,0,0,0,0,0,0
111,17,008,010,17,17008010,0,0,0,0,0,0,0,0,0,0,0,0,0,0,0
111,17,008,010,18,17008010,0,0,0,0,0,0,0,0,0,0,0,0,0,0,0
111,17,008,010,19,17008010,0,0,0,0,0,0,0,0,0,0,0,0,0,0,0
111,17,008,010,20,17008010,0,0,0,0,0,0,0,0,0,0,0,0,0,0,0
111,17,008,010,21,17008010,0,0,0,0,0,0,0,0,0,0,0,0,0,0,0
111,17,008,011,09,17008011,0,0,0,0,0,0,0,0,0,0,0,0,0,0,0
111,17,008,011,10,17008011,0,0,0,0,0,0,0,0,0,0,0,0,0,0,0
111,17,008,011,11,17008011,0,0,0,0,0,0,0,0,0,0,0,0,0,0,0
111,17,008,011,12,17008011,0,0,0,0,0,0,0,0,0,0,0,0,0,0,0
111,17,008,011,13,17008011,0,0,0,0,0,0,0,0,0,0,0,0,0,0,0
111,17,008,011,17,17008011,0,0,0,0,0,0,0,0,0,0,0,0,0,0,0
111,17,008,011,18,17008011,0,0,0,0,0,0,0,0,0,0,0,0,0,0,0
111,17,008,011,19,17008011,0,0,0,0,0,0,0,0,0,0,0,0,0,0,0
111,17,008,011,20,17008011,0,0,0,0,0,0,0,0,0,0,0,0,0,0,0
111,17,008,011,21,17008011,0,0,0,0,0,0,0,0,0,0,0,0,0,0,0
111,17,008,012,09,17008012,0,0,0,0,0,0,0,0,0,0,0,0,0,0,0
111,17,008,012,10,17008012,0,0,0,0,0,0,0,0,0,0,0,0,0,0,0
111,17,008,012,11,17008012,0,0,0,0,0,0,0,0,0,0,0,0,0,0,0
111,17,008,012,12,17008012,0,0,0,0,0,0,0,0,0,0,0,0,0,0,0
111,17,008,012,13,17008012,0,0,0,0,0,0,0,0,0,0,0,0,0,0,0
111,17,008,012,17,17008012,0,0,0,0,0,0,0,0,0,0,0,0,0,0,0
111,17,008,012,18,17008012,0,0,0,0,0,0,0,0,0,0,0,0,0,0,0
111,17,008,012,19,17008012,0,0,0,0,0,0,0,0,0,0,0,0,0,0,0
111,17,008,012,20,17008012,0,0,0,0,0,0,0,0,0,0,0,0,0,0,0
111,17,008,012,21,17008012,0,0,0,0,0,0,0,0,0,0,0,0,0,0,0
111,17,008,013,09,17008013,0,0,0,0,0,0,0,0,0,0,0,0,0,0,0
111,17,008,013,10,17008013,0,0,0,0,0,0,0,0,0,0,0,0,0,0,0
111,17,008,013,11,17008013,0,0,0,0,0,0,0,0,0,0,0,0,0,0,0
111,17,008,013,12,17008013,0,0,0,0,0,0,0,0,0,0,0,0,0,0,0
111,17,008,013,13,17008013,0,0,0,0,0,0,0,0,0,0,0,0,0,0,0
111,17,008,013,17,17008013,0,0,0,0,0,0,0,0,0,0,0,0,0,0,0
111,17,008,013,18,17008013,0,0,0,0,0,0,0,0,0,0,0,0,0,0,0
111,17,008,013,19,17008013,0,0,0,0,0,0,0,0,0,0,0,0,0,0,0
111,17,008,013,20,17008013,0,0,0,0,0,0,0,0,0,0,0,0,0,0,0
111,17,008,013,21,17008013,0,0,0,0,0,0,0,0,0,0,0,0,0,0,0
111,17,008,014,09,17008014,0,0,0,0,0,0,0,0,0,0,0,0,0,0,0
111,17,008,014,10,17008014,0,0,0,0,0,0,0,0,0,0,0,0,0,0,0
111,17,008,014,11,17008014,0,0,0,0,0,0,0,0,0,0,0,0,0,0,0
111,17,008,014,12,17008014,0,0,0,0,0,0,0,0,0,0,0,0,0,0,0
111,17,008,014,13,17008014,0,0,0,0,0,0,0,0,0,0,0,0,0,0,0
111,17,008,014,17,17008014,0,0,0,0,0,0,0,0,0,0,0,0,0,0,0
111,17,008,014,18,17008014,0,0,0,0,0,0,0,0,0,0,0,0,0,0,0
111,17,008,014,19,17008014,0,0,0,0,0,0,0,0,0,0,0,0,0,0,0
111,17,008,014,20,17008014,0,0,0,0,0,0,0,0,0,0,0,0,0,0,0
111,17,008,014,21,17008014,0,0,0,0,0,0,0,0,0,0,0,0,0,0,0
111,17,008,015,09,17008015,0,0,0,0,0,0,0,0,0,0,0,0,0,0,0
111,17,008,015,10,17008015,0,0,0,0,0,0,0,0,0,0,0,0,0,0,0
111,17,008,015,11,17008015,0,0,0,0,0,0,0,0,0,0,0,0,0,0,0
111,17,008,015,12,17008015,0,0,0,0,0,0,0,0,0,0,0,0,0,0,0
111,17,008,015,13,17008015,0,0,0,0,0,0,0,0,0,0,0,0,0,0,0
111,17,008,015,17,17008015,0,0,0,0,0,0,0,0,0,0,0,0,0,0,0
111,17,008,015,18,17008015,0,0,0,0,0,0,0,0,0,0,0,0,0,0,0
111,17,008,015,19,17008015,0,0,0,0,0,0,0,0,0,0,0,0,0,0,0
111,17,008,015,20,17008015,0,0,0,0,0,0,0,0,0,0,0,0,0,0,0
111,17,008,015,21,17008015,0,0,0,0,0,0,0,0,0,0,0,0,0,0,0
111,17,008,016,09,17008016,0,0,0,0,0,0,0,0,0,0,0,0,0,0,0
111,17,008,016,10,17008016,0,0,0,0,0,0,0,0,0,0,0,0,0,0,0
111,17,008,016,11,17008016,0,0,0,0,0,0,0,0,0,0,0,0,0,0,0
111,17,008,016,12,17008016,0,0,0,0,0,0,0,0,0,0,0,0,0,0,0
111,17,008,016,13,17008016,0,0,0,0,0,0,0,0,0,0,0,0,0,0,0
111,17,008,016,17,17008016,0,0,0,0,0,0,0,0,0,0,0,0,0,0,0
111,17,008,016,18,17008016,0,0,0,0,0,0,0,0,0,0,0,0,0,0,0
111,17,008,016,19,17008016,0,0,0,0,0,0,0,0,0,0,0,0,0,0,0
111,17,008,016,20,17008016,0,0,0,0,0,0,0,0,0,0,0,0,0,0,0
111,17,008,016,21,17008016,0,0,0,0,0,0,0,0,0,0,0,0,0,0,0
111,17,008,017,09,17008017,0,0,0,0,0,0,0,0,0,0,0,0,0,0,0
111,17,008,017,10,17008017,0,0,0,0,0,0,0,0,0,0,0,0,0,0,0
111,17,008,017,11,17008017,0,0,0,0,0,0,0,0,0,0,0,0,0,0,0
111,17,008,017,12,17008017,0,0,0,0,0,0,0,0,0,0,0,0,0,0,0
111,17,008,017,13,17008017,0,0,0,0,0,0,0,0,0,0,0,0,0,0,0
111,17,008,017,17,17008017,0,0,0,0,0,0,0,0,0,0,0,0,0,0,0
111,17,008,017,18,17008017,0,0,0,0,0,0,0,0,0,0,0,0,0,0,0
111,17,008,017,19,17008017,0,0,0,0,0,0,0,0,0,0,0,0,0,0,0
111,17,008,017,20,17008017,0,0,0,0,0,0,0,0,0,0,0,0,0,0,0
111,17,008,017,21,17008017,0,0,0,0,0,0,0,0,0,0,0,0,0,0,0
111,17,008,018,09,17008018,0,0,0,0,0,0,0,0,0,0,0,0,0,0,0
111,17,008,018,10,17008018,0,0,0,0,0,0,0,0,0,0,0,0,0,0,0
111,17,008,018,11,17008018,0,0,0,0,0,0,0,0,0,0,0,0,0,0,0
111,17,008,018,12,17008018,0,0,0,0,0,0,0,0,0,0,0,0,0,0,0
111,17,008,018,13,17008018,0,0,0,0,0,0,0,0,0,0,0,0,0,0,0
111,17,008,018,17,17008018,0,0,0,0,0,0,0,0,0,0,0,0,0,0,0
111,17,008,018,18,17008018,0,0,0,0,0,0,0,0,0,0,0,0,0,0,0
111,17,008,018,19,17008018,0,0,0,0,0,0,0,0,0,0,0,0,0,0,0
111,17,008,018,20,17008018,0,0,0,0,0,0,0,0,0,0,0,0,0,0,0
111,17,008,018,21,17008018,0,0,0,0,0,0,0,0,0,0,0,0,0,0,0
111,17,008,019,09,17008019,0,0,0,0,0,0,0,0,0,0,0,0,0,0,0
111,17,008,019,10,17008019,0,0,0,0,0,0,0,0,0,0,0,0,0,0,0
111,17,008,019,11,17008019,0,0,0,0,0,0,0,0,0,0,0,0,0,0,0
111,17,008,019,12,17008019,0,0,0,0,0,0,0,0,0,0,0,0,0,0,0
111,17,008,019,13,17008019,0,0,0,0,0,0,0,0,0,0,0,0,0,0,0
111,17,008,019,17,17008019,0,0,0,0,0,0,0,0,0,0,0,0,0,0,0
111,17,008,019,18,17008019,0,0,0,0,0,0,0,0,0,0,0,0,0,0,0
111,17,008,019,19,17008019,0,0,0,0,0,0,0,0,0,0,0,0,0,0,0
111,17,008,019,20,17008019,0,0,0,0,0,0,0,0,0,0,0,0,0,0,0
111,17,008,019,21,17008019,0,0,0,0,0,0,0,0,0,0,0,0,0,0,0
111,17,008,020,09,17008020,0,0,0,0,0,0,0,0,0,0,0,0,0,0,0
111,17,008,020,10,17008020,0,0,0,0,0,0,0,0,0,0,0,0,0,0,0
111,17,008,020,11,17008020,0,0,0,0,0,0,0,0,0,0,0,0,0,0,0
111,17,008,020,12,17008020,0,0,0,0,0,0,0,0,0,0,0,0,0,0,0
111,17,008,020,13,17008020,0,0,0,0,0,0,0,0,0,0,0,0,0,0,0
111,17,008,020,17,17008020,0,0,0,0,0,0,0,0,0,0,0,0,0,0,0
111,17,008,020,18,17008020,0,0,0,0,0,0,0,0,0,0,0,0,0,0,0
111,17,008,020,19,17008020,0,0,0,0,0,0,0,0,0,0,0,0,0,0,0
111,17,008,020,20,17008020,0,0,0,0,0,0,0,0,0,0,0,0,0,0,0
111,17,008,020,21,17008020,0,0,0,0,0,0,0,0,0,0,0,0,0,0,0
111,17,008,021,09,17008021,0,0,0,0,0,0,0,0,0,0,0,0,0,0,0
111,17,008,021,10,17008021,0,0,0,0,0,0,0,0,0,0,0,0,0,0,0
111,17,008,021,11,17008021,0,0,0,0,0,0,0,0,0,0,0,0,0,0,0
111,17,008,021,12,17008021,0,0,0,0,0,0,0,0,0,0,0,0,0,0,0
111,17,008,021,13,17008021,0,0,0,0,0,0,0,0,0,0,0,0,0,0,0
111,17,008,021,17,17008021,0,0,0,0,0,0,0,0,0,0,0,0,0,0,0
111,17,008,021,18,17008021,0,0,0,0,0,0,0,0,0,0,0,0,0,0,0
111,17,008,021,19,17008021,0,0,0,0,0,0,0,0,0,0,0,0,0,0,0
111,17,008,021,20,17008021,0,0,0,0,0,0,0,0,0,0,0,0,0,0,0
111,17,008,021,21,17008021,0,0,0,0,0,0,0,0,0,0,0,0,0,0,0
111,17,008,022,09,17008022,0,0,0,0,0,0,0,0,0,0,0,0,0,0,0
111,17,008,022,10,17008022,0,0,0,0,0,0,0,0,0,0,0,0,0,0,0
111,17,008,022,11,17008022,0,0,0,0,0,0,0,0,0,0,0,0,0,0,0
111,17,008,022,12,17008022,0,0,0,0,0,0,0,0,0,0,0,0,0,0,0
111,17,008,022,13,17008022,0,0,0,0,0,0,0,0,0,0,0,0,0,0,0
111,17,008,022,17,17008022,0,0,0,0,0,0,0,0,0,0,0,0,0,0,0
111,17,008,022,18,17008022,0,0,0,0,0,0,0,0,0,0,0,0,0,0,0
111,17,008,022,19,17008022,0,0,0,0,0,0,0,0,0,0,0,0,0,0,0
111,17,008,022,20,17008022,0,0,0,0,0,0,0,0,0,0,0,0,0,0,0
111,17,008,022,21,17008022,0,0,0,0,0,0,0,0,0,0,0,0,0,0,0
111,17,008,023,09,17008023,0,0,0,0,0,0,0,0,0,0,0,0,0,0,0
111,17,008,023,10,17008023,0,0,0,0,0,0,0,0,0,0,0,0,0,0,0
111,17,008,023,11,17008023,0,0,0,0,0,0,0,0,0,0,0,0,0,0,0
111,17,008,023,12,17008023,0,0,0,0,0,0,0,0,0,0,0,0,0,0,0
111,17,008,023,13,17008023,0,0,0,0,0,0,0,0,0,0,0,0,0,0,0
111,17,008,023,17,17008023,0,0,0,0,0,0,0,0,0,0,0,0,0,0,0
111,17,008,023,18,17008023,0,0,0,0,0,0,0,0,0,0,0,0,0,0,0
111,17,008,023,19,17008023,0,0,0,0,0,0,0,0,0,0,0,0,0,0,0
111,17,008,023,20,17008023,0,0,0,0,0,0,0,0,0,0,0,0,0,0,0
111,17,008,023,21,17008023,0,0,0,0,0,0,0,0,0,0,0,0,0,0,0
111,17,008,024,09,17008024,0,0,0,0,0,0,0,0,0,0,0,0,0,0,0
111,17,008,024,10,17008024,0,0,0,0,0,0,0,0,0,0,0,0,0,0,0
111,17,008,024,11,17008024,0,0,0,0,0,0,0,0,0,0,0,0,0,0,0
111,17,008,024,12,17008024,0,0,0,0,0,0,0,0,0,0,0,0,0,0,0
111,17,008,024,13,17008024,0,0,0,0,0,0,0,0,0,0,0,0,0,0,0
111,17,008,024,17,17008024,0,0,0,0,0,0,0,0,0,0,0,0,0,0,0
111,17,008,024,18,17008024,0,0,0,0,0,0,0,0,0,0,0,0,0,0,0
111,17,008,024,19,17008024,0,0,0,0,0,0,0,0,0,0,0,0,0,0,0
111,17,008,024,20,17008024,0,0,0,0,0,0,0,0,0,0,0,0,0,0,0
111,17,008,024,21,17008024,0,0,0,0,0,0,0,0,0,0,0,0,0,0,0
111,17,008,025,09,17008025,0,0,0,0,0,0,0,0,0,0,0,0,0,0,0
111,17,008,025,10,17008025,0,0,0,0,0,0,0,0,0,0,0,0,0,0,0
111,17,008,025,11,17008025,0,0,0,0,0,0,0,0,0,0,0,0,0,0,0
111,17,008,025,12,17008025,0,0,0,0,0,0,0,0,0,0,0,0,0,0,0
111,17,008,025,13,17008025,0,0,0,0,0,0,0,0,0,0,0,0,0,0,0
111,17,008,025,17,17008025,0,0,0,0,0,0,0,0,0,0,0,0,0,0,0
111,17,008,025,18,17008025,0,0,0,0,0,0,0,0,0,0,0,0,0,0,0
111,17,008,025,19,17008025,0,0,0,0,0,0,0,0,0,0,0,0,0,0,0
111,17,008,025,20,17008025,0,0,0,0,0,0,0,0,0,0,0,0,0,0,0
111,17,008,025,21,17008025,0,0,0,0,0,0,0,0,0,0,0,0,0,0,0
111,17,008,026,09,17008026,0,0,0,0,0,0,0,0,0,0,0,0,0,0,0
111,17,008,026,10,17008026,0,0,0,0,0,0,0,0,0,0,0,0,0,0,0
111,17,008,026,11,17008026,0,0,0,0,0,0,0,0,0,0,0,0,0,0,0
111,17,008,026,12,17008026,0,0,0,0,0,0,0,0,0,0,0,0,0,0,0
111,17,008,026,13,17008026,0,0,0,0,0,0,0,0,0,0,0,0,0,0,0
111,17,008,026,17,17008026,0,0,0,0,0,0,0,0,0,0,0,0,0,0,0
111,17,008,026,18,17008026,0,0,0,0,0,0,0,0,0,0,0,0,0,0,0
111,17,008,026,19,17008026,0,0,0,0,0,0,0,0,0,0,0,0,0,0,0
111,17,008,026,20,17008026,0,0,0,0,0,0,0,0,0,0,0,0,0,0,0
111,17,008,026,21,17008026,0,0,0,0,0,0,0,0,0,0,0,0,0,0,0
111,17,008,027,09,17008027,0,0,0,0,0,0,0,0,0,0,0,0,0,0,0
111,17,008,027,10,17008027,0,0,0,0,0,0,0,0,0,0,0,0,0,0,0
111,17,008,027,11,17008027,0,0,0,0,0,0,0,0,0,0,0,0,0,0,0
111,17,008,027,12,17008027,0,0,0,0,0,0,0,0,0,0,0,0,0,0,0
111,17,008,027,13,17008027,0,0,0,0,0,0,0,0,0,0,0,0,0,0,0
111,17,008,027,17,17008027,0,0,0,0,0,0,0,0,0,0,0,0,0,0,0
111,17,008,027,18,17008027,0,0,0,0,0,0,0,0,0,0,0,0,0,0,0
111,17,008,027,19,17008027,0,0,0,0,0,0,0,0,0,0,0,0,0,0,0
111,17,008,027,20,17008027,0,0,0,0,0,0,0,0,0,0,0,0,0,0,0
111,17,008,027,21,17008027,0,0,0,0,0,0,0,0,0,0,0,0,0,0,0
111,17,008,028,09,17008028,0,0,0,0,0,0,0,0,0,0,0,0,0,0,0
111,17,008,028,10,17008028,0,0,0,0,0,0,0,0,0,0,0,0,0,0,0
111,17,008,028,11,17008028,0,0,0,0,0,0,0,0,0,0,0,0,0,0,0
111,17,008,028,12,17008028,0,0,0,0,0,0,0,0,0,0,0,0,0,0,0
111,17,008,028,13,17008028,0,0,0,0,0,0,0,0,0,0,0,0,0,0,0
111,17,008,028,17,17008028,0,0,0,0,0,0,0,0,0,0,0,0,0,0,0
111,17,008,028,18,17008028,0,0,0,0,0,0,0,0,0,0,0,0,0,0,0
111,17,008,028,19,17008028,0,0,0,0,0,0,0,0,0,0,0,0,0,0,0
111,17,008,028,20,17008028,0,0,0,0,0,0,0,0,0,0,0,0,0,0,0
111,17,008,028,21,17008028,0,0,0,0,0,0,0,0,0,0,0,0,0,0,0
111,17,008,029,09,17008029,0,0,0,0,0,0,0,0,0,0,0,0,0,0,0
111,17,008,029,10,17008029,0,0,0,0,0,0,0,0,0,0,0,0,0,0,0
111,17,008,029,11,17008029,0,0,0,0,0,0,0,0,0,0,0,0,0,0,0
111,17,008,029,12,17008029,0,0,0,0,0,0,0,0,0,0,0,0,0,0,0
111,17,008,029,13,17008029,0,0,0,0,0,0,0,0,0,0,0,0,0,0,0
111,17,008,029,17,17008029,0,0,0,0,0,0,0,0,0,0,0,0,0,0,0
111,17,008,029,18,17008029,0,0,0,0,0,0,0,0,0,0,0,0,0,0,0
111,17,008,029,19,17008029,0,0,0,0,0,0,0,0,0,0,0,0,0,0,0
111,17,008,029,20,17008029,0,0,0,0,0,0,0,0,0,0,0,0,0,0,0
111,17,008,029,21,17008029,0,0,0,0,0,0,0,0,0,0,0,0,0,0,0
111,17,008,030,09,17008030,0,0,0,0,0,0,0,0,0,0,0,0,0,0,0
111,17,008,030,10,17008030,0,0,0,0,0,0,0,0,0,0,0,0,0,0,0
111,17,008,030,11,17008030,0,0,0,0,0,0,0,0,0,0,0,0,0,0,0
111,17,008,030,12,17008030,0,0,0,0,0,0,0,0,0,0,0,0,0,0,0
111,17,008,030,13,17008030,0,0,0,0,0,0,0,0,0,0,0,0,0,0,0
111,17,008,030,17,17008030,0,0,0,0,0,0,0,0,0,0,0,0,0,0,0
111,17,008,030,18,17008030,0,0,0,0,0,0,0,0,0,0,0,0,0,0,0
111,17,008,030,19,17008030,0,0,0,0,0,0,0,0,0,0,0,0,0,0,0
111,17,008,030,20,17008030,0,0,0,0,0,0,0,0,0,0,0,0,0,0,0
111,17,008,030,21,17008030,0,0,0,0,0,0,0,0,0,0,0,0,0,0,0
111,17,008,031,09,17008031,0,0,0,0,0,0,0,0,0,0,0,0,0,0,0
111,17,008,031,10,17008031,0,0,0,0,0,0,0,0,0,0,0,0,0,0,0
111,17,008,031,11,17008031,0,0,0,0,0,0,0,0,0,0,0,0,0,0,0
111,17,008,031,12,17008031,0,0,0,0,0,0,0,0,0,0,0,0,0,0,0
111,17,008,031,13,17008031,0,0,0,0,0,0,0,0,0,0,0,0,0,0,0
111,17,008,031,17,17008031,0,0,0,0,0,0,0,0,0,0,0,0,0,0,0
111,17,008,031,18,17008031,0,0,0,0,0,0,0,0,0,0,0,0,0,0,0
111,17,008,031,19,17008031,0,0,0,0,0,0,0,0,0,0,0,0,0,0,0
111,17,008,031,20,17008031,0,0,0,0,0,0,0,0,0,0,0,0,0,0,0
111,17,008,031,21,17008031,0,0,0,0,0,0,0,0,0,0,0,0,0,0,0
111,17,008,032,09,17008032,0,0,0,0,0,0,0,0,0,0,0,0,0,0,0
111,17,008,032,10,17008032,0,0,0,0,0,0,0,0,0,0,0,0,0,0,0
111,17,008,032,11,17008032,0,0,0,0,0,0,0,0,0,0,0,0,0,0,0
111,17,008,032,12,17008032,0,0,0,0,0,0,0,0,0,0,0,0,0,0,0
111,17,008,032,13,17008032,0,0,0,0,0,0,0,0,0,0,0,0,0,0,0
111,17,008,032,17,17008032,0,0,0,0,0,0,0,0,0,0,0,0,0,0,0
111,17,008,032,18,17008032,0,0,0,0,0,0,0,0,0,0,0,0,0,0,0
111,17,008,032,19,17008032,0,0,0,0,0,0,0,0,0,0,0,0,0,0,0
111,17,008,032,20,17008032,0,0,0,0,0,0,0,0,0,0,0,0,0,0,0
111,17,008,032,21,17008032,0,0,0,0,0,0,0,0,0,0,0,0,0,0,0
111,17,008,033,09,17008033,0,0,0,0,0,0,0,0,0,0,0,0,0,0,0
111,17,008,033,10,17008033,0,0,0,0,0,0,0,0,0,0,0,0,0,0,0
111,17,008,033,11,17008033,0,0,0,0,0,0,0,0,0,0,0,0,0,0,0
111,17,008,033,12,17008033,0,0,0,0,0,0,0,0,0,0,0,0,0,0,0
111,17,008,033,13,17008033,0,0,0,0,0,0,0,0,0,0,0,0,0,0,0
111,17,008,033,17,17008033,0,0,0,0,0,0,0,0,0,0,0,0,0,0,0
111,17,008,033,18,17008033,0,0,0,0,0,0,0,0,0,0,0,0,0,0,0
111,17,008,033,19,17008033,0,0,0,0,0,0,0,0,0,0,0,0,0,0,0
111,17,008,033,20,17008033,0,0,0,0,0,0,0,0,0,0,0,0,0,0,0
111,17,008,033,21,17008033,0,0,0,0,0,0,0,0,0,0,0,0,0,0,0
111,17,008,034,09,17008034,0,0,0,0,0,0,0,0,0,0,0,0,0,0,0
111,17,008,034,10,17008034,0,0,0,0,0,0,0,0,0,0,0,0,0,0,0
111,17,008,034,11,17008034,0,0,0,0,0,0,0,0,0,0,0,0,0,0,0
111,17,008,034,12,17008034,0,0,0,0,0,0,0,0,0,0,0,0,0,0,0
111,17,008,034,13,17008034,0,0,0,0,0,0,0,0,0,0,0,0,0,0,0
111,17,008,034,17,17008034,0,0,0,0,0,0,0,0,0,0,0,0,0,0,0
111,17,008,034,18,17008034,0,0,0,0,0,0,0,0,0,0,0,0,0,0,0
111,17,008,034,19,17008034,0,0,0,0,0,0,0,0,0,0,0,0,0,0,0
111,17,008,034,20,17008034,0,0,0,0,0,0,0,0,0,0,0,0,0,0,0
111,17,008,034,21,17008034,0,0,0,0,0,0,0,0,0,0,0,0,0,0,0
111,17,008,035,09,17008035,0,0,0,0,0,0,0,0,0,0,0,0,0,0,0
111,17,008,035,10,17008035,0,0,0,0,0,0,0,0,0,0,0,0,0,0,0
111,17,008,035,11,17008035,0,0,0,0,0,0,0,0,0,0,0,0,0,0,0
111,17,008,035,12,17008035,0,0,0,0,0,0,0,0,0,0,0,0,0,0,0
111,17,008,035,13,17008035,0,0,0,0,0,0,0,0,0,0,0,0,0,0,0
111,17,008,035,17,17008035,0,0,0,0,0,0,0,0,0,0,0,0,0,0,0
111,17,008,035,18,17008035,0,0,0,0,0,0,0,0,0,0,0,0,0,0,0
111,17,008,035,19,17008035,0,0,0,0,0,0,0,0,0,0,0,0,0,0,0
111,17,008,035,20,17008035,0,0,0,0,0,0,0,0,0,0,0,0,0,0,0
111,17,008,035,21,17008035,0,0,0,0,0,0,0,0,0,0,0,0,0,0,0
111,17,008,036,09,17008036,0,0,0,0,0,0,0,0,0,0,0,0,0,0,0
111,17,008,036,10,17008036,0,0,0,0,0,0,0,0,0,0,0,0,0,0,0
111,17,008,036,11,17008036,0,0,0,0,0,0,0,0,0,0,0,0,0,0,0
111,17,008,036,12,17008036,0,0,0,0,0,0,0,0,0,0,0,0,0,0,0
111,17,008,036,13,17008036,0,0,0,0,0,0,0,0,0,0,0,0,0,0,0
111,17,008,036,17,17008036,0,0,0,0,0,0,0,0,0,0,0,0,0,0,0
111,17,008,036,18,17008036,0,0,0,0,0,0,0,0,0,0,0,0,0,0,0
111,17,008,036,19,17008036,0,0,0,0,0,0,0,0,0,0,0,0,0,0,0
111,17,008,036,20,17008036,0,0,0,0,0,0,0,0,0,0,0,0,0,0,0
111,17,008,036,21,17008036,0,0,0,0,0,0,0,0,0,0,0,0,0,0,0
111,17,008,037,09,17008037,0,0,0,0,0,0,0,0,0,0,0,0,0,0,0
111,17,008,037,10,17008037,0,0,0,0,0,0,0,0,0,0,0,0,0,0,0
111,17,008,037,11,17008037,0,0,0,0,0,0,0,0,0,0,0,0,0,0,0
111,17,008,037,12,17008037,0,0,0,0,0,0,0,0,0,0,0,0,0,0,0
111,17,008,037,13,17008037,0,0,0,0,0,0,0,0,0,0,0,0,0,0,0
111,17,008,037,17,17008037,0,0,0,0,0,0,0,0,0,0,0,0,0,0,0
111,17,008,037,18,17008037,0,0,0,0,0,0,0,0,0,0,0,0,0,0,0
111,17,008,037,19,17008037,0,0,0,0,0,0,0,0,0,0,0,0,0,0,0
111,17,008,037,20,17008037,0,0,0,0,0,0,0,0,0,0,0,0,0,0,0
111,17,008,037,21,17008037,0,0,0,0,0,0,0,0,0,0,0,0,0,0,0
111,17,008,038,09,17008038,0,0,0,0,0,0,0,0,0,0,0,0,0,0,0
111,17,008,038,10,17008038,0,0,0,0,0,0,0,0,0,0,0,0,0,0,0
111,17,008,038,11,17008038,0,0,0,0,0,0,0,0,0,0,0,0,0,0,0
111,17,008,038,12,17008038,0,0,0,0,0,0,0,0,0,0,0,0,0,0,0
111,17,008,038,13,17008038,0,0,0,0,0,0,0,0,0,0,0,0,0,0,0
111,17,008,038,17,17008038,0,0,0,0,0,0,0,0,0,0,0,0,0,0,0
111,17,008,038,18,17008038,0,0,0,0,0,0,0,0,0,0,0,0,0,0,0
111,17,008,038,19,17008038,0,0,0,0,0,0,0,0,0,0,0,0,0,0,0
111,17,008,038,20,17008038,0,0,0,0,0,0,0,0,0,0,0,0,0,0,0
111,17,008,038,21,17008038,0,0,0,0,0,0,0,0,0,0,0,0,0,0,0
111,17,008,039,09,17008039,0,0,0,0,0,0,0,0,0,0,0,0,0,0,0
111,17,008,039,10,17008039,0,0,0,0,0,0,0,0,0,0,0,0,0,0,0
111,17,008,039,11,17008039,0,0,0,0,0,0,0,0,0,0,0,0,0,0,0
111,17,008,039,12,17008039,0,0,0,0,0,0,0,0,0,0,0,0,0,0,0
111,17,008,039,13,17008039,0,0,0,0,0,0,0,0,0,0,0,0,0,0,0
111,17,008,039,17,17008039,0,0,0,0,0,0,0,0,0,0,0,0,0,0,0
111,17,008,039,18,17008039,0,0,0,0,0,0,0,0,0,0,0,0,0,0,0
111,17,008,039,19,17008039,0,0,0,0,0,0,0,0,0,0,0,0,0,0,0
111,17,008,039,20,17008039,0,0,0,0,0,0,0,0,0,0,0,0,0,0,0
111,17,008,039,21,17008039,0,0,0,0,0,0,0,0,0,0,0,0,0,0,0
111,17,008,040,09,17008040,0,0,0,0,0,0,0,0,0,0,0,0,0,0,0
111,17,008,040,10,17008040,0,0,0,0,0,0,0,0,0,0,0,0,0,0,0
111,17,008,040,11,17008040,0,0,0,0,0,0,0,0,0,0,0,0,0,0,0
111,17,008,040,12,17008040,0,0,0,0,0,0,0,0,0,0,0,0,0,0,0
111,17,008,040,13,17008040,0,0,0,0,0,0,0,0,0,0,0,0,0,0,0
111,17,008,040,17,17008040,0,0,0,0,0,0,0,0,0,0,0,0,0,0,0
111,17,008,040,18,17008040,0,0,0,0,0,0,0,0,0,0,0,0,0,0,0
111,17,008,040,19,17008040,0,0,0,0,0,0,0,0,0,0,0,0,0,0,0
111,17,008,040,20,17008040,0,0,0,0,0,0,0,0,0,0,0,0,0,0,0
111,17,008,040,21,17008040,0,0,0,0,0,0,0,0,0,0,0,0,0,0,0
111,17,008,041,09,17008041,0,0,0,0,0,0,0,0,0,0,0,0,0,0,0
111,17,008,041,10,17008041,0,0,0,0,0,0,0,0,0,0,0,0,0,0,0
111,17,008,041,11,17008041,0,0,0,0,0,0,0,0,0,0,0,0,0,0,0
111,17,008,041,12,17008041,0,0,0,0,0,0,0,0,0,0,0,0,0,0,0
111,17,008,041,13,17008041,0,0,0,0,0,0,0,0,0,0,0,0,0,0,0
111,17,008,041,17,17008041,0,0,0,0,0,0,0,0,0,0,0,0,0,0,0
111,17,008,041,18,17008041,0,0,0,0,0,0,0,0,0,0,0,0,0,0,0
111,17,008,041,19,17008041,0,0,0,0,0,0,0,0,0,0,0,0,0,0,0
111,17,008,041,20,17008041,0,0,0,0,0,0,0,0,0,0,0,0,0,0,0
111,17,008,041,21,17008041,0,0,0,0,0,0,0,0,0,0,0,0,0,0,0
111,17,008,042,09,17008042,0,0,0,0,0,0,0,0,0,0,0,0,0,0,0
111,17,008,042,10,17008042,0,0,0,0,0,0,0,0,0,0,0,0,0,0,0
111,17,008,042,11,17008042,0,0,0,0,0,0,0,0,0,0,0,0,0,0,0
111,17,008,042,12,17008042,0,0,0,0,0,0,0,0,0,0,0,0,0,0,0
111,17,008,042,13,17008042,0,0,0,0,0,0,0,0,0,0,0,0,0,0,0
111,17,008,042,17,17008042,0,0,0,0,0,0,0,0,0,0,0,0,0,0,0
111,17,008,042,18,17008042,0,0,0,0,0,0,0,0,0,0,0,0,0,0,0
111,17,008,042,19,17008042,0,0,0,0,0,0,0,0,0,0,0,0,0,0,0
111,17,008,042,20,17008042,0,0,0,0,0,0,0,0,0,0,0,0,0,0,0
111,17,008,042,21,17008042,0,0,0,0,0,0,0,0,0,0,0,0,0,0,0
111,17,008,043,09,17008043,0,0,0,0,0,0,0,0,0,0,0,0,0,0,0
111,17,008,043,10,17008043,0,0,0,0,0,0,0,0,0,0,0,0,0,0,0
111,17,008,043,11,17008043,0,0,0,0,0,0,0,0,0,0,0,0,0,0,0
111,17,008,043,12,17008043,0,0,0,0,0,0,0,0,0,0,0,0,0,0,0
111,17,008,043,13,17008043,0,0,0,0,0,0,0,0,0,0,0,0,0,0,0
111,17,008,043,17,17008043,0,0,0,0,0,0,0,0,0,0,0,0,0,0,0
111,17,008,043,18,17008043,0,0,0,0,0,0,0,0,0,0,0,0,0,0,0
111,17,008,043,19,17008043,0,0,0,0,0,0,0,0,0,0,0,0,0,0,0
111,17,008,043,20,17008043,0,0,0,0,0,0,0,0,0,0,0,0,0,0,0
111,17,008,043,21,17008043,0,0,0,0,0,0,0,0,0,0,0,0,0,0,0
111,17,008,044,09,17008044,0,0,0,0,0,0,0,0,0,0,0,0,0,0,0
111,17,008,044,10,17008044,0,0,0,0,0,0,0,0,0,0,0,0,0,0,0
111,17,008,044,11,17008044,0,0,0,0,0,0,0,0,0,0,0,0,0,0,0
111,17,008,044,12,17008044,0,0,0,0,0,0,0,0,0,0,0,0,0,0,0
111,17,008,044,13,17008044,0,0,0,0,0,0,0,0,0,0,0,0,0,0,0
111,17,008,044,17,17008044,0,0,0,0,0,0,0,0,0,0,0,0,0,0,0
111,17,008,044,18,17008044,0,0,0,0,0,0,0,0,0,0,0,0,0,0,0
111,17,008,044,19,17008044,0,0,0,0,0,0,0,0,0,0,0,0,0,0,0
111,17,008,044,20,17008044,0,0,0,0,0,0,0,0,0,0,0,0,0,0,0
111,17,008,044,21,17008044,0,0,0,0,0,0,0,0,0,0,0,0,0,0,0
111,17,008,045,09,17008045,0,0,0,0,0,0,0,0,0,0,0,0,0,0,0
111,17,008,045,10,17008045,0,0,0,0,0,0,0,0,0,0,0,0,0,0,0
111,17,008,045,11,17008045,0,0,0,0,0,0,0,0,0,0,0,0,0,0,0
111,17,008,045,12,17008045,0,0,0,0,0,0,0,0,0,0,0,0,0,0,0
111,17,008,045,13,17008045,0,0,0,0,0,0,0,0,0,0,0,0,0,0,0
111,17,008,045,17,17008045,0,0,0,0,0,0,0,0,0,0,0,0,0,0,0
111,17,008,045,18,17008045,0,0,0,0,0,0,0,0,0,0,0,0,0,0,0
111,17,008,045,19,17008045,0,0,0,0,0,0,0,0,0,0,0,0,0,0,0
111,17,008,045,20,17008045,0,0,0,0,0,0,0,0,0,0,0,0,0,0,0
111,17,008,045,21,17008045,0,0,0,0,0,0,0,0,0,0,0,0,0,0,0
111,17,008,046,09,17008046,0,0,0,0,0,0,0,0,0,0,0,0,0,0,0
111,17,008,046,10,17008046,0,0,0,0,0,0,0,0,0,0,0,0,0,0,0
111,17,008,046,11,17008046,0,0,0,0,0,0,0,0,0,0,0,0,0,0,0
111,17,008,046,12,17008046,0,0,0,0,0,0,0,0,0,0,0,0,0,0,0
111,17,008,046,13,17008046,0,0,0,0,0,0,0,0,0,0,0,0,0,0,0
111,17,008,046,17,17008046,0,0,0,0,0,0,0,0,0,0,0,0,0,0,0
111,17,008,046,18,17008046,0,0,0,0,0,0,0,0,0,0,0,0,0,0,0
111,17,008,046,19,17008046,0,0,0,0,0,0,0,0,0,0,0,0,0,0,0
111,17,008,046,20,17008046,0,0,0,0,0,0,0,0,0,0,0,0,0,0,0
111,17,008,046,21,17008046,0,0,0,0,0,0,0,0,0,0,0,0,0,0,0
111,17,008,047,09,17008047,0,0,0,0,0,0,0,0,0,0,0,0,0,0,0
111,17,008,047,10,17008047,0,0,0,0,0,0,0,0,0,0,0,0,0,0,0
111,17,008,047,11,17008047,0,0,0,0,0,0,0,0,0,0,0,0,0,0,0
111,17,008,047,12,17008047,0,0,0,0,0,0,0,0,0,0,0,0,0,0,0
111,17,008,047,13,17008047,0,0,0,0,0,0,0,0,0,0,0,0,0,0,0
111,17,008,047,17,17008047,0,0,0,0,0,0,0,0,0,0,0,0,0,0,0
111,17,008,047,18,17008047,0,0,0,0,0,0,0,0,0,0,0,0,0,0,0
111,17,008,047,19,17008047,0,0,0,0,0,0,0,0,0,0,0,0,0,0,0
111,17,008,047,20,17008047,0,0,0,0,0,0,0,0,0,0,0,0,0,0,0
111,17,008,047,21,17008047,0,0,0,0,0,0,0,0,0,0,0,0,0,0,0
111,17,008,048,09,17008048,0,0,0,0,0,0,0,0,0,0,0,0,0,0,0
111,17,008,048,10,17008048,0,0,0,0,0,0,0,0,0,0,0,0,0,0,0
111,17,008,048,11,17008048,0,0,0,0,0,0,0,0,0,0,0,0,0,0,0
111,17,008,048,12,17008048,0,0,0,0,0,0,0,0,0,0,0,0,0,0,0
111,17,008,048,13,17008048,0,0,0,0,0,0,0,0,0,0,0,0,0,0,0
111,17,008,048,17,17008048,0,0,0,0,0,0,0,0,0,0,0,0,0,0,0
111,17,008,048,18,17008048,0,0,0,0,0,0,0,0,0,0,0,0,0,0,0
111,17,008,048,19,17008048,0,0,0,0,0,0,0,0,0,0,0,0,0,0,0
111,17,008,048,20,17008048,0,0,0,0,0,0,0,0,0,0,0,0,0,0,0
111,17,008,048,21,17008048,0,0,0,0,0,0,0,0,0,0,0,0,0,0,0
111,17,008,049,09,17008049,0,0,0,0,0,0,0,0,0,0,0,0,0,0,0
111,17,008,049,10,17008049,0,0,0,0,0,0,0,0,0,0,0,0,0,0,0
111,17,008,049,11,17008049,0,0,0,0,0,0,0,0,0,0,0,0,0,0,0
111,17,008,049,12,17008049,0,0,0,0,0,0,0,0,0,0,0,0,0,0,0
111,17,008,049,13,17008049,0,0,0,0,0,0,0,0,0,0,0,0,0,0,0
111,17,008,049,17,17008049,0,0,0,0,0,0,0,0,0,0,0,0,0,0,0
111,17,008,049,18,17008049,0,0,0,0,0,0,0,0,0,0,0,0,0,0,0
111,17,008,049,19,17008049,0,0,0,0,0,0,0,0,0,0,0,0,0,0,0
111,17,008,049,20,17008049,0,0,0,0,0,0,0,0,0,0,0,0,0,0,0
111,17,008,049,21,17008049,0,0,0,0,0,0,0,0,0,0,0,0,0,0,0
111,17,008,050,09,17008050,0,0,0,0,0,0,0,0,0,0,0,0,0,0,0
111,17,008,050,10,17008050,0,0,0,0,0,0,0,0,0,0,0,0,0,0,0
111,17,008,050,11,17008050,0,0,0,0,0,0,0,0,0,0,0,0,0,0,0
111,17,008,050,12,17008050,0,0,0,0,0,0,0,0,0,0,0,0,0,0,0
111,17,008,050,13,17008050,0,0,0,0,0,0,0,0,0,0,0,0,0,0,0
111,17,008,050,17,17008050,0,0,0,0,0,0,0,0,0,0,0,0,0,0,0
111,17,008,050,18,17008050,0,0,0,0,0,0,0,0,0,0,0,0,0,0,0
111,17,008,050,19,17008050,0,0,0,0,0,0,0,0,0,0,0,0,0,0,0
111,17,008,050,20,17008050,0,0,0,0,0,0,0,0,0,0,0,0,0,0,0
111,17,008,050,21,17008050,0,0,0,0,0,0,0,0,0,0,0,0,0,0,0
111,17,008,051,09,17008051,0,0,0,0,0,0,0,0,0,0,0,0,0,0,0
111,17,008,051,10,17008051,0,0,0,0,0,0,0,0,0,0,0,0,0,0,0
111,17,008,051,11,17008051,0,0,0,0,0,0,0,0,0,0,0,0,0,0,0
111,17,008,051,12,17008051,0,0,0,0,0,0,0,0,0,0,0,0,0,0,0
111,17,008,051,13,17008051,0,0,0,0,0,0,0,0,0,0,0,0,0,0,0
111,17,008,051,17,17008051,0,0,0,0,0,0,0,0,0,0,0,0,0,0,0
111,17,008,051,18,17008051,0,0,0,0,0,0,0,0,0,0,0,0,0,0,0
111,17,008,051,19,17008051,0,0,0,0,0,0,0,0,0,0,0,0,0,0,0
111,17,008,051,20,17008051,0,0,0,0,0,0,0,0,0,0,0,0,0,0,0
111,17,008,051,21,17008051,0,0,0,0,0,0,0,0,0,0,0,0,0,0,0
111,17,008,052,09,17008052,0,0,0,0,0,0,0,0,0,0,0,0,0,0,0
111,17,008,052,10,17008052,0,0,0,0,0,0,0,0,0,0,0,0,0,0,0
111,17,008,052,11,17008052,0,0,0,0,0,0,0,0,0,0,0,0,0,0,0
111,17,008,052,12,17008052,0,0,0,0,0,0,0,0,0,0,0,0,0,0,0
111,17,008,052,13,17008052,0,0,0,0,0,0,0,0,0,0,0,0,0,0,0
111,17,008,052,17,17008052,0,0,0,0,0,0,0,0,0,0,0,0,0,0,0
111,17,008,052,18,17008052,0,0,0,0,0,0,0,0,0,0,0,0,0,0,0
111,17,008,052,19,17008052,0,0,0,0,0,0,0,0,0,0,0,0,0,0,0
111,17,008,052,20,17008052,0,0,0,0,0,0,0,0,0,0,0,0,0,0,0
111,17,008,052,21,17008052,0,0,0,0,0,0,0,0,0,0,0,0,0,0,0
111,17,008,053,09,17008053,0,0,0,0,0,0,0,0,0,0,0,0,0,0,0
111,17,008,053,10,17008053,0,0,0,0,0,0,0,0,0,0,0,0,0,0,0
111,17,008,053,11,17008053,0,0,0,0,0,0,0,0,0,0,0,0,0,0,0
111,17,008,053,12,17008053,0,0,0,0,0,0,0,0,0,0,0,0,0,0,0
111,17,008,053,13,17008053,0,0,0,0,0,0,0,0,0,0,0,0,0,0,0
111,17,008,053,17,17008053,0,0,0,0,0,0,0,0,0,0,0,0,0,0,0
111,17,008,053,18,17008053,0,0,0,0,0,0,0,0,0,0,0,0,0,0,0
111,17,008,053,19,17008053,0,0,0,0,0,0,0,0,0,0,0,0,0,0,0
111,17,008,053,20,17008053,0,0,0,0,0,0,0,0,0,0,0,0,0,0,0
111,17,008,053,21,17008053,0,0,0,0,0,0,0,0,0,0,0,0,0,0,0
111,17,008,054,09,17008054,0,0,0,0,0,0,0,0,0,0,0,0,0,0,0
111,17,008,054,10,17008054,0,0,0,0,0,0,0,0,0,0,0,0,0,0,0
111,17,008,054,11,17008054,0,0,0,0,0,0,0,0,0,0,0,0,0,0,0
111,17,008,054,12,17008054,0,0,0,0,0,0,0,0,0,0,0,0,0,0,0
111,17,008,054,13,17008054,0,0,0,0,0,0,0,0,0,0,0,0,0,0,0
111,17,008,054,17,17008054,0,0,0,0,0,0,0,0,0,0,0,0,0,0,0
111,17,008,054,18,17008054,0,0,0,0,0,0,0,0,0,0,0,0,0,0,0
111,17,008,054,19,17008054,0,0,0,0,0,0,0,0,0,0,0,0,0,0,0
111,17,008,054,20,17008054,0,0,0,0,0,0,0,0,0,0,0,0,0,0,0
111,17,008,054,21,17008054,0,0,0,0,0,0,0,0,0,0,0,0,0,0,0
111,17,008,055,09,17008055,0,0,0,0,0,0,0,0,0,0,0,0,0,0,0
111,17,008,055,10,17008055,0,0,0,0,0,0,0,0,0,0,0,0,0,0,0
111,17,008,055,11,17008055,0,0,0,0,0,0,0,0,0,0,0,0,0,0,0
111,17,008,055,12,17008055,0,0,0,0,0,0,0,0,0,0,0,0,0,0,0
111,17,008,055,13,17008055,0,0,0,0,0,0,0,0,0,0,0,0,0,0,0
111,17,008,055,17,17008055,0,0,0,0,0,0,0,0,0,0,0,0,0,0,0
111,17,008,055,18,17008055,0,0,0,0,0,0,0,0,0,0,0,0,0,0,0
111,17,008,055,19,17008055,0,0,0,0,0,0,0,0,0,0,0,0,0,0,0
111,17,008,055,20,17008055,0,0,0,0,0,0,0,0,0,0,0,0,0,0,0
111,17,008,055,21,17008055,0,0,0,0,0,0,0,0,0,0,0,0,0,0,0
111,17,008,056,09,17008056,0,0,0,0,0,0,0,0,0,0,0,0,0,0,0
111,17,008,056,10,17008056,0,0,0,0,0,0,0,0,0,0,0,0,0,0,0
111,17,008,056,11,17008056,0,0,0,0,0,0,0,0,0,0,0,0,0,0,0
111,17,008,056,12,17008056,0,0,0,0,0,0,0,0,0,0,0,0,0,0,0
111,17,008,056,13,17008056,0,0,0,0,0,0,0,0,0,0,0,0,0,0,0
111,17,008,056,17,17008056,0,0,0,0,0,0,0,0,0,0,0,0,0,0,0
111,17,008,056,18,17008056,0,0,0,0,0,0,0,0,0,0,0,0,0,0,0
111,17,008,056,19,17008056,0,0,0,0,0,0,0,0,0,0,0,0,0,0,0
111,17,008,056,20,17008056,0,0,0,0,0,0,0,0,0,0,0,0,0,0,0
111,17,008,056,21,17008056,0,0,0,0,0,0,0,0,0,0,0,0,0,0,0
111,17,008,057,09,17008057,0,0,0,0,0,0,0,0,0,0,0,0,0,0,0
111,17,008,057,10,17008057,0,0,0,0,0,0,0,0,0,0,0,0,0,0,0
111,17,008,057,11,17008057,0,0,0,0,0,0,0,0,0,0,0,0,0,0,0
111,17,008,057,12,17008057,0,0,0,0,0,0,0,0,0,0,0,0,0,0,0
111,17,008,057,13,17008057,0,0,0,0,0,0,0,0,0,0,0,0,0,0,0
111,17,008,057,17,17008057,0,0,0,0,0,0,0,0,0,0,0,0,0,0,0
111,17,008,057,18,17008057,0,0,0,0,0,0,0,0,0,0,0,0,0,0,0
111,17,008,057,19,17008057,0,0,0,0,0,0,0,0,0,0,0,0,0,0,0
111,17,008,057,20,17008057,0,0,0,0,0,0,0,0,0,0,0,0,0,0,0
111,17,008,057,21,17008057,0,0,0,0,0,0,0,0,0,0,0,0,0,0,0
111,17,008,058,09,17008058,0,0,0,0,0,0,0,0,0,0,0,0,0,0,0
111,17,008,058,10,17008058,0,0,0,0,0,0,0,0,0,0,0,0,0,0,0
111,17,008,058,11,17008058,0,0,0,0,0,0,0,0,0,0,0,0,0,0,0
111,17,008,058,12,17008058,0,0,0,0,0,0,0,0,0,0,0,0,0,0,0
111,17,008,058,13,17008058,0,0,0,0,0,0,0,0,0,0,0,0,0,0,0
111,17,008,058,17,17008058,0,0,0,0,0,0,0,0,0,0,0,0,0,0,0
111,17,008,058,18,17008058,0,0,0,0,0,0,0,0,0,0,0,0,0,0,0
111,17,008,058,19,17008058,0,0,0,0,0,0,0,0,0,0,0,0,0,0,0
111,17,008,058,20,17008058,0,0,0,0,0,0,0,0,0,0,0,0,0,0,0
111,17,008,058,21,17008058,0,0,0,0,0,0,0,0,0,0,0,0,0,0,0
111,17,008,059,09,17008059,0,0,0,0,0,0,0,0,0,0,0,0,0,0,0
111,17,008,059,10,17008059,0,0,0,0,0,0,0,0,0,0,0,0,0,0,0
111,17,008,059,11,17008059,0,0,0,0,0,0,0,0,0,0,0,0,0,0,0
111,17,008,059,12,17008059,0,0,0,0,0,0,0,0,0,0,0,0,0,0,0
111,17,008,059,13,17008059,0,0,0,0,0,0,0,0,0,0,0,0,0,0,0
111,17,008,059,17,17008059,0,0,0,0,0,0,0,0,0,0,0,0,0,0,0
111,17,008,059,18,17008059,0,0,0,0,0,0,0,0,0,0,0,0,0,0,0
111,17,008,059,19,17008059,0,0,0,0,0,0,0,0,0,0,0,0,0,0,0
111,17,008,059,20,17008059,0,0,0,0,0,0,0,0,0,0,0,0,0,0,0
111,17,008,059,21,17008059,0,0,0,0,0,0,0,0,0,0,0,0,0,0,0